regiao;estado;data;casosNovos;casosAcumulados;obitosNovos;obitosAcumulados
Norte;RO;2020-03-20;1.0;1;0.0;0
Norte;RO;2020-03-21;0.0;1;0.0;0
Norte;RO;2020-03-22;2.0;3;0.0;0
Norte;RO;2020-03-23;0.0;3;0.0;0
Norte;RO;2020-03-24;0.0;3;0.0;0
Norte;RO;2020-03-25;2.0;5;0.0;0
Norte;RO;2020-03-26;0.0;5;0.0;0
Norte;RO;2020-03-27;1.0;6;0.0;0
Norte;RO;2020-03-28;6.0;12;0.0;0
Norte;RO;2020-03-29;0.0;12;0.0;0
Norte;RO;2020-03-30;0.0;12;0.0;0
Norte;RO;2020-03-31;4.0;16;2.0;2
Norte;RO;2020-04-01;2.0;18;0.0;2
Norte;RO;2020-04-02;2.0;20;0.0;2
Norte;RO;2020-04-03;0.0;20;0.0;2
Norte;RO;2020-04-04;2.0;22;0.0;2
Norte;RO;2020-04-05;2.0;24;0.0;2
Norte;RO;2020-04-06;4.0;28;0.0;2
Norte;RO;2020-04-07;8.0;36;0.0;2
Norte;RO;2020-04-08;8.0;44;0.0;2
Norte;RO;2020-04-09;12.0;56;2.0;4
Norte;RO;2020-04-10;8.0;64;0.0;4
Norte;RO;2020-04-11;2.0;66;0.0;4
Norte;RO;2020-04-12;4.0;70;0.0;4
Norte;RO;2020-04-13;14.0;84;0.0;4
Norte;RO;2020-04-14;44.0;128;0.0;4
Norte;RO;2020-04-15;10.0;138;0.0;4
Norte;RO;2020-04-16;14.0;152;2.0;6
Norte;RO;2020-04-17;32.0;184;0.0;6
Norte;RO;2020-04-18;36.0;220;0.0;6
Norte;RO;2020-04-19;36.0;256;2.0;8
Norte;RO;2020-04-20;64.0;320;0.0;8
Norte;RO;2020-04-21;78.0;398;0.0;8
Norte;RO;2020-04-22;48.0;446;2.0;10
Norte;RO;2020-04-23;54.0;500;0.0;10
Norte;RO;2020-04-24;80.0;580;0.0;10
Norte;RO;2020-04-25;76.0;656;4.0;14
Norte;RO;2020-04-26;72.0;728;6.0;20
Norte;RO;2020-04-27;58.0;786;0.0;20
Norte;RO;2020-04-28;40.0;826;2.0;22
Norte;RO;2020-04-29;40.0;866;8.0;30
Norte;RO;2020-04-30;138.0;1004;2.0;32
Norte;RO;2020-05-01;166.0;1170;4.0;36
Norte;RO;2020-05-02;136.0;1306;10.0;46
Norte;RO;2020-05-03;104.0;1410;2.0;48
Norte;RO;2020-05-04;102.0;1512;2.0;50
Norte;RO;2020-05-05;210.0;1722;8.0;58
Norte;RO;2020-05-06;164.0;1886;8.0;66
Norte;RO;2020-05-07;310.0;2196;8.0;74
Norte;RO;2020-05-08;248.0;2444;4.0;78
Norte;RO;2020-05-09;82.0;2526;4.0;82
Norte;RO;2020-05-10;78.0;2604;4.0;86
Norte;RO;2020-05-11;188.0;2792;8.0;94
Norte;RO;2020-05-12;128.0;2920;6.0;100
Norte;RO;2020-05-13;304.0;3224;0.0;100
Norte;RO;2020-05-14;148.0;3372;12.0;112
Norte;RO;2020-05-15;206.0;3578;12.0;124
Norte;RO;2020-05-16;260.0;3838;14.0;138
Norte;RO;2020-05-17;88.0;3926;10.0;148
Norte;RO;2020-05-18;160.0;4086;6.0;154
Norte;RO;2020-05-19;428.0;4514;20.0;174
Norte;RO;2020-05-20;484.0;4998;6.0;180
Norte;RO;2020-05-21;320.0;5318;22.0;202
Norte;RO;2020-05-22;230.0;5548;10.0;212
Norte;RO;2020-05-23;670.0;6218;18.0;230
Norte;RO;2020-05-24;184.0;6402;11.0;241
Norte;RO;2020-05-25;134.0;6536;1.0;242
Norte;RO;2020-05-26;450.0;6986;24.0;266
Norte;AC;2020-03-19;3.0;3;0.0;0
Norte;AC;2020-03-20;4.0;7;0.0;0
Norte;AC;2020-03-21;2.0;9;0.0;0
Norte;AC;2020-03-22;2.0;11;0.0;0
Norte;AC;2020-03-23;0.0;11;0.0;0
Norte;AC;2020-03-24;6.0;17;0.0;0
Norte;AC;2020-03-25;6.0;23;0.0;0
Norte;AC;2020-03-26;1.0;24;0.0;0
Norte;AC;2020-03-27;1.0;25;0.0;0
Norte;AC;2020-03-28;25.0;50;0.0;0
Norte;AC;2020-03-29;18.0;68;0.0;0
Norte;AC;2020-03-30;16.0;84;0.0;0
Norte;AC;2020-03-31;0.0;84;0.0;0
Norte;AC;2020-04-01;2.0;86;0.0;0
Norte;AC;2020-04-02;0.0;86;0.0;0
Norte;AC;2020-04-03;6.0;92;0.0;0
Norte;AC;2020-04-04;0.0;92;0.0;0
Norte;AC;2020-04-05;4.0;96;0.0;0
Norte;AC;2020-04-06;4.0;100;0.0;0
Norte;AC;2020-04-07;0.0;100;2.0;2
Norte;AC;2020-04-08;8.0;108;2.0;4
Norte;AC;2020-04-09;16.0;124;0.0;4
Norte;AC;2020-04-10;16.0;140;0.0;4
Norte;AC;2020-04-11;4.0;144;0.0;4
Norte;AC;2020-04-12;10.0;154;0.0;4
Norte;AC;2020-04-13;26.0;180;2.0;6
Norte;AC;2020-04-14;18.0;198;0.0;6
Norte;AC;2020-04-15;4.0;202;0.0;6
Norte;AC;2020-04-16;18.0;220;4.0;10
Norte;AC;2020-04-17;50.0;270;0.0;10
Norte;AC;2020-04-18;14.0;284;0.0;10
Norte;AC;2020-04-19;42.0;326;2.0;12
Norte;AC;2020-04-20;26.0;352;4.0;16
Norte;AC;2020-04-21;38.0;390;0.0;16
Norte;AC;2020-04-22;38.0;428;0.0;16
Norte;AC;2020-04-23;26.0;454;4.0;20
Norte;AC;2020-04-24;14.0;468;2.0;22
Norte;AC;2020-04-25;48.0;516;0.0;22
Norte;AC;2020-04-26;42.0;558;0.0;22
Norte;AC;2020-04-27;22.0;580;6.0;28
Norte;AC;2020-04-28;42.0;622;4.0;32
Norte;AC;2020-04-29;86.0;708;2.0;34
Norte;AC;2020-04-30;100.0;808;4.0;38
Norte;AC;2020-05-01;164.0;972;0.0;38
Norte;AC;2020-05-02;134.0;1106;5.0;43
Norte;AC;2020-05-03;208.0;1314;5.0;48
Norte;AC;2020-05-04;152.0;1466;8.0;56
Norte;AC;2020-05-05;168.0;1634;2.0;58
Norte;AC;2020-05-06;252.0;1886;8.0;66
Norte;AC;2020-05-07;142.0;2028;6.0;72
Norte;AC;2020-05-08;326.0;2354;4.0;76
Norte;AC;2020-05-09;316.0;2670;2.0;78
Norte;AC;2020-05-10;224.0;2894;4.0;82
Norte;AC;2020-05-11;26.0;2920;8.0;90
Norte;AC;2020-05-12;260.0;3180;12.0;102
Norte;AC;2020-05-13;208.0;3388;2.0;104
Norte;AC;2020-05-14;92.0;3480;6.0;110
Norte;AC;2020-05-15;90.0;3570;4.0;114
Norte;AC;2020-05-16;164.0;3734;4.0;118
Norte;AC;2020-05-17;260.0;3994;2.0;120
Norte;AC;2020-05-18;474.0;4468;14.0;134
Norte;AC;2020-05-19;496.0;4964;10.0;144
Norte;AC;2020-05-20;670.0;5634;8.0;152
Norte;AC;2020-05-21;572.0;6206;4.0;156
Norte;AC;2020-05-22;480.0;6686;4.0;160
Norte;AC;2020-05-23;1048.0;7734;14.0;174
Norte;AC;2020-05-24;586.0;8320;10.0;184
Norte;AC;2020-05-25;682.0;9002;10.0;194
Norte;AC;2020-05-26;560.0;9562;16.0;210
Norte;AM;2020-03-15;1.0;1;0.0;0
Norte;AM;2020-03-16;0.0;1;0.0;0
Norte;AM;2020-03-17;0.0;1;0.0;0
Norte;AM;2020-03-18;0.0;1;0.0;0
Norte;AM;2020-03-19;2.0;3;0.0;0
Norte;AM;2020-03-20;0.0;3;0.0;0
Norte;AM;2020-03-21;8.0;11;0.0;0
Norte;AM;2020-03-22;15.0;26;0.0;0
Norte;AM;2020-03-23;6.0;32;0.0;0
Norte;AM;2020-03-24;15.0;47;0.0;0
Norte;AM;2020-03-25;7.0;54;1.0;1
Norte;AM;2020-03-26;13.0;67;0.0;1
Norte;AM;2020-03-27;14.0;81;0.0;1
Norte;AM;2020-03-28;141.0;222;1.0;2
Norte;AM;2020-03-29;58.0;280;0.0;2
Norte;AM;2020-03-30;22.0;302;0.0;2
Norte;AM;2020-03-31;48.0;350;4.0;6
Norte;AM;2020-04-01;50.0;400;0.0;6
Norte;AM;2020-04-02;58.0;458;0.0;6
Norte;AM;2020-04-03;62.0;520;8.0;14
Norte;AM;2020-04-04;102.0;622;10.0;24
Norte;AM;2020-04-05;212.0;834;4.0;28
Norte;AM;2020-04-06;230.0;1064;10.0;38
Norte;AM;2020-04-07;208.0;1272;8.0;46
Norte;AM;2020-04-08;336.0;1608;14.0;60
Norte;AM;2020-04-09;190.0;1798;20.0;80
Norte;AM;2020-04-10;164.0;1962;20.0;100
Norte;AM;2020-04-11;138.0;2100;6.0;106
Norte;AM;2020-04-12;312.0;2412;18.0;124
Norte;AM;2020-04-13;138.0;2550;18.0;142
Norte;AM;2020-04-14;418.0;2968;38.0;180
Norte;AM;2020-04-15;140.0;3108;32.0;212
Norte;AM;2020-04-16;330.0;3438;36.0;248
Norte;AM;2020-04-17;180.0;3618;42.0;290
Norte;AM;2020-04-18;176.0;3794;32.0;322
Norte;AM;2020-04-19;294.0;4088;42.0;364
Norte;AM;2020-04-20;232.0;4320;6.0;370
Norte;AM;2020-04-21;220.0;4540;16.0;386
Norte;AM;2020-04-22;418.0;4958;28.0;414
Norte;AM;2020-04-23;818.0;5776;54.0;468
Norte;AM;2020-04-24;612.0;6388;42.0;510
Norte;AM;2020-04-25;882.0;7270;64.0;574
Norte;AM;2020-04-26;396.0;7666;34.0;608
Norte;AM;2020-04-27;190.0;7856;32.0;640
Norte;AM;2020-04-28;818.0;8674;62.0;702
Norte;AM;2020-04-29;928.0;9602;58.0;760
Norte;AM;2020-04-30;906.0;10508;90.0;850
Norte;AM;2020-05-01;938.0;11446;102.0;952
Norte;AM;2020-05-02;678.0;12124;50.0;1002
Norte;AM;2020-05-03;1242.0;13366;94.0;1096
Norte;AM;2020-05-04;1118.0;14484;72.0;1168
Norte;AM;2020-05-05;1734.0;16218;130.0;1298
Norte;AM;2020-05-06;2268.0;18486;204.0;1502
Norte;AM;2020-05-07;1712.0;20198;110.0;1612
Norte;AM;2020-05-08;1256.0;21454;136.0;1748
Norte;AM;2020-05-09;2396.0;23850;176.0;1924
Norte;AM;2020-05-10;1348.0;25198;84.0;2008
Norte;AM;2020-05-11;640.0;25838;62.0;2070
Norte;AM;2020-05-12;2498.0;28336;126.0;2196
Norte;AM;2020-05-13;3296.0;31632;124.0;2320
Norte;AM;2020-05-14;2730.0;34362;150.0;2470
Norte;AM;2020-05-15;2422.0;36784;192.0;2662
Norte;AM;2020-05-16;2570.0;39354;88.0;2750
Norte;AM;2020-05-17;1302.0;40656;76.0;2826
Norte;AM;2020-05-18;1170.0;41826;40.0;2866
Norte;AM;2020-05-19;2438.0;44264;116.0;2982
Norte;AM;2020-05-20;3144.0;47408;140.0;3122
Norte;AM;2020-05-21;3326.0;50734;118.0;3240
Norte;AM;2020-05-22;3342.0;54076;98.0;3338
Norte;AM;2020-05-23;3528.0;57604;150.0;3488
Norte;AM;2020-05-24;2130.0;59734;28.0;3516
Norte;AM;2020-05-25;830.0;60564;46.0;3562
Norte;AM;2020-05-26;3334.0;63898;142.0;3704
Norte;RR;2020-03-22;2.0;2;0.0;0
Norte;RR;2020-03-23;0.0;2;0.0;0
Norte;RR;2020-03-24;0.0;2;0.0;0
Norte;RR;2020-03-25;6.0;8;0.0;0
Norte;RR;2020-03-26;0.0;8;0.0;0
Norte;RR;2020-03-27;2.0;10;0.0;0
Norte;RR;2020-03-28;14.0;24;0.0;0
Norte;RR;2020-03-29;8.0;32;0.0;0
Norte;RR;2020-03-30;0.0;32;0.0;0
Norte;RR;2020-03-31;0.0;32;0.0;0
Norte;RR;2020-04-01;12.0;44;0.0;0
Norte;RR;2020-04-02;8.0;52;0.0;0
Norte;RR;2020-04-03;8.0;60;0.0;0
Norte;RR;2020-04-04;14.0;74;2.0;2
Norte;RR;2020-04-05;10.0;84;0.0;2
Norte;RR;2020-04-06;0.0;84;0.0;2
Norte;RR;2020-04-07;0.0;84;0.0;2
Norte;RR;2020-04-08;14.0;98;0.0;2
Norte;RR;2020-04-09;6.0;104;0.0;2
Norte;RR;2020-04-10;22.0;126;4.0;6
Norte;RR;2020-04-11;24.0;150;0.0;6
Norte;RR;2020-04-12;8.0;158;0.0;6
Norte;RR;2020-04-13;8.0;166;0.0;6
Norte;RR;2020-04-14;60.0;226;0.0;6
Norte;RR;2020-04-15;2.0;228;0.0;6
Norte;RR;2020-04-16;56.0;284;0.0;6
Norte;RR;2020-04-17;44.0;328;0.0;6
Norte;RR;2020-04-18;74.0;402;0.0;6
Norte;RR;2020-04-19;42.0;444;0.0;6
Norte;RR;2020-04-20;44.0;488;0.0;6
Norte;RR;2020-04-21;6.0;494;0.0;6
Norte;RR;2020-04-22;66.0;560;0.0;6
Norte;RR;2020-04-23;34.0;594;0.0;6
Norte;RR;2020-04-24;14.0;608;0.0;6
Norte;RR;2020-04-25;82.0;690;0.0;6
Norte;RR;2020-04-26;112.0;802;2.0;8
Norte;RR;2020-04-27;12.0;814;0.0;8
Norte;RR;2020-04-28;36.0;850;4.0;12
Norte;RR;2020-04-29;54.0;904;0.0;12
Norte;RR;2020-04-30;134.0;1038;2.0;14
Norte;RR;2020-05-01;166.0;1204;2.0;16
Norte;RR;2020-05-02;132.0;1336;2.0;18
Norte;RR;2020-05-03;144.0;1480;4.0;22
Norte;RR;2020-05-04;132.0;1612;0.0;22
Norte;RR;2020-05-05;126.0;1738;0.0;22
Norte;RR;2020-05-06;126.0;1864;4.0;26
Norte;RR;2020-05-07;176.0;2040;2.0;28
Norte;RR;2020-05-08;208.0;2248;4.0;32
Norte;RR;2020-05-09;156.0;2404;4.0;36
Norte;RR;2020-05-10;176.0;2580;6.0;42
Norte;RR;2020-05-11;10.0;2590;6.0;48
Norte;RR;2020-05-12;66.0;2656;6.0;54
Norte;RR;2020-05-13;166.0;2822;4.0;58
Norte;RR;2020-05-14;178.0;3000;16.0;74
Norte;RR;2020-05-15;178.0;3178;6.0;80
Norte;RR;2020-05-16;234.0;3412;18.0;98
Norte;RR;2020-05-17;170.0;3582;4.0;102
Norte;RR;2020-05-18;170.0;3752;18.0;120
Norte;RR;2020-05-19;218.0;3970;2.0;122
Norte;RR;2020-05-20;164.0;4134;6.0;128
Norte;RR;2020-05-21;158.0;4292;16.0;144
Norte;RR;2020-05-22;320.0;4612;20.0;164
Norte;RR;2020-05-23;136.0;4748;2.0;162
Norte;RR;2020-05-24;130.0;4878;6.0;168
Norte;RR;2020-05-25;150.0;5028;4.0;172
Norte;RR;2020-05-26;138.0;5166;32.0;204
Norte;PA;2020-03-19;1.0;1;0.0;0
Norte;PA;2020-03-20;1.0;2;0.0;0
Norte;PA;2020-03-21;0.0;2;0.0;0
Norte;PA;2020-03-22;2.0;4;0.0;0
Norte;PA;2020-03-23;1.0;5;0.0;0
Norte;PA;2020-03-24;0.0;5;0.0;0
Norte;PA;2020-03-25;2.0;7;0.0;0
Norte;PA;2020-03-26;6.0;13;0.0;0
Norte;PA;2020-03-27;0.0;13;0.0;0
Norte;PA;2020-03-28;21.0;34;0.0;0
Norte;PA;2020-03-29;2.0;36;0.0;0
Norte;PA;2020-03-30;6.0;42;0.0;0
Norte;PA;2020-03-31;22.0;64;0.0;0
Norte;PA;2020-04-01;17.0;81;2.0;2
Norte;PA;2020-04-02;11.0;92;0.0;2
Norte;PA;2020-04-03;8.0;100;0.0;2
Norte;PA;2020-04-04;60.0;160;0.0;2
Norte;PA;2020-04-05;12.0;172;0.0;2
Norte;PA;2020-04-06;32.0;204;4.0;6
Norte;PA;2020-04-07;73.0;277;4.0;10
Norte;PA;2020-04-08;57.0;334;2.0;12
Norte;PA;2020-04-09;2.0;336;2.0;14
Norte;PA;2020-04-10;4.0;340;4.0;18
Norte;PA;2020-04-11;94.0;434;2.0;20
Norte;PA;2020-04-12;58.0;492;6.0;26
Norte;PA;2020-04-13;48.0;540;4.0;30
Norte;PA;2020-04-14;106.0;646;8.0;38
Norte;PA;2020-04-15;122.0;768;4.0;42
Norte;PA;2020-04-16;108.0;876;6.0;48
Norte;PA;2020-04-17;238.0;1114;4.0;52
Norte;PA;2020-04-18;166.0;1280;14.0;66
Norte;PA;2020-04-19;90.0;1370;2.0;68
Norte;PA;2020-04-20;434.0;1804;2.0;70
Norte;PA;2020-04-21;248.0;2052;6.0;76
Norte;PA;2020-04-22;338.0;2390;10.0;86
Norte;PA;2020-04-23;144.0;2534;20.0;106
Norte;PA;2020-04-24;358.0;2892;44.0;150
Norte;PA;2020-04-25;432.0;3324;31.0;181
Norte;PA;2020-04-26;410.0;3734;19.0;200
Norte;PA;2020-04-27;522.0;4256;28.0;228
Norte;PA;2020-04-28;268.0;4524;30.0;258
Norte;PA;2020-04-29;320.0;4844;16.0;274
Norte;PA;2020-04-30;908.0;5752;142.0;416
Norte;PA;2020-05-01;600.0;6352;54.0;470
Norte;PA;2020-05-02;568.0;6920;76.0;546
Norte;PA;2020-05-03;806.0;7726;72.0;618
Norte;PA;2020-05-04;524.0;8250;42.0;660
Norte;PA;2020-05-05;694.0;8944;78.0;738
Norte;PA;2020-05-06;1090.0;10034;46.0;784
Norte;PA;2020-05-07;1014.0;11048;36.0;820
Norte;PA;2020-05-08;1234.0;12282;210.0;1030
Norte;PA;2020-05-09;1268.0;13550;126.0;1156
Norte;PA;2020-05-10;962.0;14512;148.0;1304
Norte;PA;2020-05-11;614.0;15126;112.0;1416
Norte;PA;2020-05-12;2106.0;17232;312.0;1728
Norte;PA;2020-05-13;2004.0;19236;164.0;1892
Norte;PA;2020-05-14;2498.0;21734;234.0;2126
Norte;PA;2020-05-15;2484.0;24218;164.0;2290
Norte;PA;2020-05-16;2150.0;26368;108.0;2398
Norte;PA;2020-05-17;1360.0;27728;80.0;2478
Norte;PA;2020-05-18;1740.0;29468;180.0;2658
Norte;PA;2020-05-19;3122.0;32590;380.0;3038
Norte;PA;2020-05-20;3680.0;36270;228.0;3266
Norte;PA;2020-05-21;3242.0;39512;438.0;3704
Norte;PA;2020-05-22;3426.0;42938;170.0;3874
Norte;PA;2020-05-23;2456.0;45394;128.0;4002
Norte;PA;2020-05-24;2856.0;48250;294.0;4296
Norte;PA;2020-05-25;3904.0;52154;448.0;4744
Norte;PA;2020-05-26;5046.0;57200;194.0;4938
Norte;AP;2020-03-20;1.0;1;0.0;0
Norte;AP;2020-03-21;0.0;1;0.0;0
Norte;AP;2020-03-22;0.0;1;0.0;0
Norte;AP;2020-03-23;0.0;1;0.0;0
Norte;AP;2020-03-24;0.0;1;0.0;0
Norte;AP;2020-03-25;0.0;1;0.0;0
Norte;AP;2020-03-26;1.0;2;0.0;0
Norte;AP;2020-03-27;0.0;2;0.0;0
Norte;AP;2020-03-28;6.0;8;0.0;0
Norte;AP;2020-03-29;0.0;8;0.0;0
Norte;AP;2020-03-30;8.0;16;0.0;0
Norte;AP;2020-03-31;4.0;20;0.0;0
Norte;AP;2020-04-01;2.0;22;0.0;0
Norte;AP;2020-04-02;0.0;22;0.0;0
Norte;AP;2020-04-03;16.0;38;0.0;0
Norte;AP;2020-04-04;18.0;56;2.0;2
Norte;AP;2020-04-05;2.0;58;2.0;4
Norte;AP;2020-04-06;10.0;68;0.0;4
Norte;AP;2020-04-07;28.0;96;0.0;4
Norte;AP;2020-04-08;118.0;214;0.0;4
Norte;AP;2020-04-09;42.0;256;0.0;4
Norte;AP;2020-04-10;76.0;332;0.0;4
Norte;AP;2020-04-11;54.0;386;2.0;6
Norte;AP;2020-04-12;74.0;460;4.0;10
Norte;AP;2020-04-13;24.0;484;0.0;10
Norte;AP;2020-04-14;130.0;614;2.0;12
Norte;AP;2020-04-15;54.0;668;2.0;14
Norte;AP;2020-04-16;56.0;724;4.0;18
Norte;AP;2020-04-17;16.0;740;2.0;20
Norte;AP;2020-04-18;46.0;786;0.0;20
Norte;AP;2020-04-19;46.0;832;2.0;22
Norte;AP;2020-04-20;34.0;866;4.0;26
Norte;AP;2020-04-21;48.0;914;0.0;26
Norte;AP;2020-04-22;44.0;958;2.0;28
Norte;AP;2020-04-23;138.0;1096;4.0;32
Norte;AP;2020-04-24;170.0;1266;4.0;36
Norte;AP;2020-04-25;104.0;1370;2.0;38
Norte;AP;2020-04-26;226.0;1596;4.0;42
Norte;AP;2020-04-27;88.0;1684;10.0;52
Norte;AP;2020-04-28;152.0;1836;4.0;56
Norte;AP;2020-04-29;196.0;2032;6.0;62
Norte;AP;2020-04-30;128.0;2160;6.0;68
Norte;AP;2020-05-01;82.0;2242;6.0;74
Norte;AP;2020-05-02;132.0;2374;6.0;80
Norte;AP;2020-05-03;590.0;2964;6.0;86
Norte;AP;2020-05-04;502.0;3466;12.0;98
Norte;AP;2020-05-05;396.0;3862;12.0;110
Norte;AP;2020-05-06;230.0;4092;2.0;112
Norte;AP;2020-05-07;306.0;4398;10.0;122
Norte;AP;2020-05-08;246.0;4644;10.0;132
Norte;AP;2020-05-09;342.0;4986;6.0;138
Norte;AP;2020-05-10;240.0;5226;6.0;144
Norte;AP;2020-05-11;116.0;5342;2.0;146
Norte;AP;2020-05-12;478.0;5820;26.0;172
Norte;AP;2020-05-13;190.0;6010;16.0;188
Norte;AP;2020-05-14;846.0;6856;14.0;202
Norte;AP;2020-05-15;404.0;7260;4.0;206
Norte;AP;2020-05-16;408.0;7668;10.0;216
Norte;AP;2020-05-17;236.0;7904;22.0;238
Norte;AP;2020-05-18;142.0;8046;16.0;254
Norte;AP;2020-05-19;574.0;8620;18.0;272
Norte;AP;2020-05-20;478.0;9098;12.0;284
Norte;AP;2020-05-21;1278.0;10376;18.0;302
Norte;AP;2020-05-22;934.0;11310;12.0;314
Norte;AP;2020-05-23;872.0;12182;10.0;324
Norte;AP;2020-05-24;524.0;12706;2.0;326
Norte;AP;2020-05-25;462.0;13168;10.0;336
Norte;AP;2020-05-26;766.0;13934;10.0;346
Norte;TO;2020-03-19;1.0;1;0.0;0
Norte;TO;2020-03-20;0.0;1;0.0;0
Norte;TO;2020-03-21;1.0;2;0.0;0
Norte;TO;2020-03-22;0.0;2;0.0;0
Norte;TO;2020-03-23;3.0;5;0.0;0
Norte;TO;2020-03-24;2.0;7;0.0;0
Norte;TO;2020-03-25;0.0;7;0.0;0
Norte;TO;2020-03-26;0.0;7;0.0;0
Norte;TO;2020-03-27;1.0;8;0.0;0
Norte;TO;2020-03-28;10.0;18;0.0;0
Norte;TO;2020-03-29;0.0;18;0.0;0
Norte;TO;2020-03-30;2.0;20;0.0;0
Norte;TO;2020-03-31;2.0;22;0.0;0
Norte;TO;2020-04-01;2.0;24;0.0;0
Norte;TO;2020-04-02;0.0;24;0.0;0
Norte;TO;2020-04-03;0.0;24;0.0;0
Norte;TO;2020-04-04;4.0;28;0.0;0
Norte;TO;2020-04-05;6.0;34;0.0;0
Norte;TO;2020-04-06;0.0;34;0.0;0
Norte;TO;2020-04-07;4.0;38;0.0;0
Norte;TO;2020-04-08;8.0;46;0.0;0
Norte;TO;2020-04-09;0.0;46;0.0;0
Norte;TO;2020-04-10;0.0;46;0.0;0
Norte;TO;2020-04-11;0.0;46;0.0;0
Norte;TO;2020-04-12;4.0;50;0.0;0
Norte;TO;2020-04-13;2.0;52;0.0;0
Norte;TO;2020-04-14;0.0;52;0.0;0
Norte;TO;2020-04-15;0.0;52;2.0;2
Norte;TO;2020-04-16;8.0;60;0.0;2
Norte;TO;2020-04-17;2.0;62;0.0;2
Norte;TO;2020-04-18;4.0;66;0.0;2
Norte;TO;2020-04-19;0.0;66;0.0;2
Norte;TO;2020-04-20;2.0;68;0.0;2
Norte;TO;2020-04-21;6.0;74;0.0;2
Norte;TO;2020-04-22;0.0;74;0.0;2
Norte;TO;2020-04-23;0.0;74;2.0;4
Norte;TO;2020-04-24;12.0;86;0.0;4
Norte;TO;2020-04-25;14.0;100;0.0;4
Norte;TO;2020-04-26;16.0;116;0.0;4
Norte;TO;2020-04-27;18.0;134;0.0;4
Norte;TO;2020-04-28;24.0;158;0.0;4
Norte;TO;2020-04-29;74.0;232;2.0;6
Norte;TO;2020-04-30;43.0;275;0.0;6
Norte;TO;2020-05-01;53.0;328;0.0;6
Norte;TO;2020-05-02;54.0;382;2.0;8
Norte;TO;2020-05-03;110.0;492;0.0;8
Norte;TO;2020-05-04;42.0;534;4.0;12
Norte;TO;2020-05-05;72.0;606;2.0;14
Norte;TO;2020-05-06;96.0;702;4.0;18
Norte;TO;2020-05-07;144.0;846;0.0;18
Norte;TO;2020-05-08;142.0;988;0.0;18
Norte;TO;2020-05-09;156.0;1144;0.0;18
Norte;TO;2020-05-10;232.0;1376;4.0;22
Norte;TO;2020-05-11;118.0;1494;2.0;24
Norte;TO;2020-05-12;162.0;1656;4.0;28
Norte;TO;2020-05-13;208.0;1864;14.0;42
Norte;TO;2020-05-14;194.0;2058;4.0;46
Norte;TO;2020-05-15;300.0;2358;2.0;48
Norte;TO;2020-05-16;200.0;2558;6.0;54
Norte;TO;2020-05-17;206.0;2764;8.0;62
Norte;TO;2020-05-18;228.0;2992;2.0;64
Norte;TO;2020-05-19;300.0;3292;12.0;76
Norte;TO;2020-05-20;326.0;3618;8.0;84
Norte;TO;2020-05-21;334.0;3952;10.0;94
Norte;TO;2020-05-22;458.0;4410;4.0;98
Norte;TO;2020-05-23;450.0;4860;4.0;102
Norte;TO;2020-05-24;322.0;5182;2.0;104
Norte;TO;2020-05-25;210.0;5392;12.0;116
Norte;TO;2020-05-26;324.0;5716;12.0;128
Nordeste;MA;2020-03-21;1.0;1;0.0;0
Nordeste;MA;2020-03-22;1.0;2;0.0;0
Nordeste;MA;2020-03-23;0.0;2;0.0;0
Nordeste;MA;2020-03-24;6.0;8;0.0;0
Nordeste;MA;2020-03-25;0.0;8;0.0;0
Nordeste;MA;2020-03-26;2.0;10;0.0;0
Nordeste;MA;2020-03-27;3.0;13;0.0;0
Nordeste;MA;2020-03-28;15.0;28;0.0;0
Nordeste;MA;2020-03-29;4.0;32;0.0;0
Nordeste;MA;2020-03-30;14.0;46;2.0;2
Nordeste;MA;2020-03-31;16.0;62;0.0;2
Nordeste;MA;2020-04-01;44.0;106;0.0;2
Nordeste;MA;2020-04-02;36.0;142;0.0;2
Nordeste;MA;2020-04-03;20.0;162;0.0;2
Nordeste;MA;2020-04-04;14.0;176;0.0;2
Nordeste;MA;2020-04-05;16.0;192;2.0;4
Nordeste;MA;2020-04-06;74.0;266;0.0;4
Nordeste;MA;2020-04-07;78.0;344;4.0;8
Nordeste;MA;2020-04-08;116.0;460;14.0;22
Nordeste;MA;2020-04-09;86.0;546;2.0;24
Nordeste;MA;2020-04-10;40.0;586;8.0;32
Nordeste;MA;2020-04-11;102.0;688;10.0;42
Nordeste;MA;2020-04-12;108.0;796;6.0;48
Nordeste;MA;2020-04-13;94.0;890;6.0;54
Nordeste;MA;2020-04-14;66.0;956;10.0;64
Nordeste;MA;2020-04-15;304.0;1260;4.0;68
Nordeste;MA;2020-04-16;130.0;1390;6.0;74
Nordeste;MA;2020-04-17;204.0;1594;6.0;80
Nordeste;MA;2020-04-18;486.0;2080;8.0;88
Nordeste;MA;2020-04-19;330.0;2410;8.0;96
Nordeste;MA;2020-04-20;230.0;2640;12.0;108
Nordeste;MA;2020-04-21;152.0;2792;12.0;120
Nordeste;MA;2020-04-22;416.0;3208;12.0;132
Nordeste;MA;2020-04-23;306.0;3514;20.0;152
Nordeste;MA;2020-04-24;388.0;3902;24.0;176
Nordeste;MA;2020-04-25;308.0;4210;24.0;200
Nordeste;MA;2020-04-26;236.0;4446;24.0;224
Nordeste;MA;2020-04-27;374.0;4820;26.0;250
Nordeste;MA;2020-04-28;236.0;5056;40.0;290
Nordeste;MA;2020-04-29;552.0;5608;42.0;332
Nordeste;MA;2020-04-30;772.0;6380;36.0;368
Nordeste;MA;2020-05-01;632.0;7012;40.0;408
Nordeste;MA;2020-05-02;598.0;7610;40.0;448
Nordeste;MA;2020-05-03;470.0;8080;26.0;474
Nordeste;MA;2020-05-04;374.0;8454;24.0;498
Nordeste;MA;2020-05-05;606.0;9060;44.0;542
Nordeste;MA;2020-05-06;996.0;10056;40.0;582
Nordeste;MA;2020-05-07;722.0;10778;28.0;610
Nordeste;MA;2020-05-08;1040.0;11818;50.0;660
Nordeste;MA;2020-05-09;1712.0;13530;50.0;710
Nordeste;MA;2020-05-10;1668.0;15198;48.0;758
Nordeste;MA;2020-05-11;1090.0;16288;40.0;798
Nordeste;MA;2020-05-12;764.0;17052;48.0;846
Nordeste;MA;2020-05-13;1172.0;18224;42.0;888
Nordeste;MA;2020-05-14;1378.0;19602;52.0;940
Nordeste;MA;2020-05-15;1876.0;21478;52.0;992
Nordeste;MA;2020-05-16;1706.0;23184;56.0;1048
Nordeste;MA;2020-05-17;1800.0;24984;50.0;1098
Nordeste;MA;2020-05-18;1492.0;26476;54.0;1152
Nordeste;MA;2020-05-19;1920.0;28396;56.0;1208
Nordeste;MA;2020-05-20;1832.0;30228;60.0;1268
Nordeste;MA;2020-05-21;1888.0;32116;58.0;1326
Nordeste;MA;2020-05-22;2308.0;34424;60.0;1386
Nordeste;MA;2020-05-23;3110.0;37534;58.0;1444
Nordeste;MA;2020-05-24;4848.0;42382;64.0;1508
Nordeste;MA;2020-05-25;3190.0;45572;60.0;1568
Nordeste;MA;2020-05-26;2984.0;48556;66.0;1634
Nordeste;PI;2020-03-20;3.0;3;0.0;0
Nordeste;PI;2020-03-21;1.0;4;0.0;0
Nordeste;PI;2020-03-22;0.0;4;0.0;0
Nordeste;PI;2020-03-23;2.0;6;0.0;0
Nordeste;PI;2020-03-24;0.0;6;0.0;0
Nordeste;PI;2020-03-25;2.0;8;0.0;0
Nordeste;PI;2020-03-26;1.0;9;0.0;0
Nordeste;PI;2020-03-27;0.0;9;0.0;0
Nordeste;PI;2020-03-28;13.0;22;2.0;2
Nordeste;PI;2020-03-29;6.0;28;0.0;2
Nordeste;PI;2020-03-30;4.0;32;4.0;6
Nordeste;PI;2020-03-31;4.0;36;2.0;8
Nordeste;PI;2020-04-01;0.0;36;0.0;8
Nordeste;PI;2020-04-02;2.0;38;0.0;8
Nordeste;PI;2020-04-03;4.0;42;0.0;8
Nordeste;PI;2020-04-04;2.0;44;0.0;8
Nordeste;PI;2020-04-05;2.0;46;0.0;8
Nordeste;PI;2020-04-06;0.0;46;0.0;8
Nordeste;PI;2020-04-07;10.0;56;0.0;8
Nordeste;PI;2020-04-08;6.0;62;2.0;10
Nordeste;PI;2020-04-09;14.0;76;2.0;12
Nordeste;PI;2020-04-10;4.0;80;2.0;14
Nordeste;PI;2020-04-11;2.0;82;0.0;14
Nordeste;PI;2020-04-12;6.0;88;0.0;14
Nordeste;PI;2020-04-13;12.0;100;2.0;16
Nordeste;PI;2020-04-14;16.0;116;0.0;16
Nordeste;PI;2020-04-15;34.0;150;0.0;16
Nordeste;PI;2020-04-16;32.0;182;0.0;16
Nordeste;PI;2020-04-17;22.0;204;0.0;16
Nordeste;PI;2020-04-18;42.0;246;2.0;18
Nordeste;PI;2020-04-19;44.0;290;2.0;20
Nordeste;PI;2020-04-20;26.0;316;4.0;24
Nordeste;PI;2020-04-21;56.0;372;4.0;28
Nordeste;PI;2020-04-22;40.0;412;2.0;30
Nordeste;PI;2020-04-23;22.0;434;0.0;30
Nordeste;PI;2020-04-24;78.0;512;2.0;32
Nordeste;PI;2020-04-25;82.0;594;2.0;34
Nordeste;PI;2020-04-26;68.0;662;2.0;36
Nordeste;PI;2020-04-27;66.0;728;4.0;40
Nordeste;PI;2020-04-28;100.0;828;3.0;43
Nordeste;PI;2020-04-29;80.0;908;5.0;48
Nordeste;PI;2020-04-30;118.0;1026;0.0;48
Nordeste;PI;2020-05-01;174.0;1200;0.0;48
Nordeste;PI;2020-05-02;130.0;1330;4.0;52
Nordeste;PI;2020-05-03;154.0;1484;4.0;56
Nordeste;PI;2020-05-04;84.0;1568;0.0;56
Nordeste;PI;2020-05-05;182.0;1750;2.0;58
Nordeste;PI;2020-05-06;148.0;1898;2.0;60
Nordeste;PI;2020-05-07;204.0;2102;10.0;70
Nordeste;PI;2020-05-08;160.0;2262;4.0;74
Nordeste;PI;2020-05-09;204.0;2466;2.0;76
Nordeste;PI;2020-05-10;90.0;2556;8.0;84
Nordeste;PI;2020-05-11;108.0;2664;6.0;90
Nordeste;PI;2020-05-12;222.0;2886;8.0;98
Nordeste;PI;2020-05-13;338.0;3224;16.0;114
Nordeste;PI;2020-05-14;344.0;3568;6.0;120
Nordeste;PI;2020-05-15;242.0;3810;0.0;120
Nordeste;PI;2020-05-16;360.0;4170;10.0;130
Nordeste;PI;2020-05-17;334.0;4504;14.0;144
Nordeste;PI;2020-05-18;70.0;4574;16.0;160
Nordeste;PI;2020-05-19;306.0;4880;10.0;170
Nordeste;PI;2020-05-20;394.0;5274;4.0;174
Nordeste;PI;2020-05-21;430.0;5704;8.0;182
Nordeste;PI;2020-05-22;444.0;6148;4.0;186
Nordeste;PI;2020-05-23;368.0;6516;12.0;198
Nordeste;PI;2020-05-24;264.0;6780;16.0;214
Nordeste;PI;2020-05-25;320.0;7100;6.0;220
Nordeste;PI;2020-05-26;340.0;7440;18.0;238
Nordeste;CE;2020-03-17;5.0;5;0.0;0
Nordeste;CE;2020-03-18;4.0;9;0.0;0
Nordeste;CE;2020-03-19;11.0;20;0.0;0
Nordeste;CE;2020-03-20;35.0;55;0.0;0
Nordeste;CE;2020-03-21;13.0;68;0.0;0
Nordeste;CE;2020-03-22;44.0;112;0.0;0
Nordeste;CE;2020-03-23;51.0;163;0.0;0
Nordeste;CE;2020-03-24;19.0;182;0.0;0
Nordeste;CE;2020-03-25;18.0;200;0.0;0
Nordeste;CE;2020-03-26;35.0;235;3.0;3
Nordeste;CE;2020-03-27;47.0;282;0.0;3
Nordeste;CE;2020-03-28;354.0;636;5.0;8
Nordeste;CE;2020-03-29;71.0;707;2.0;10
Nordeste;CE;2020-03-30;47.0;754;0.0;10
Nordeste;CE;2020-03-31;37.0;791;4.0;14
Nordeste;CE;2020-04-01;98.0;889;3.0;17
Nordeste;CE;2020-04-02;211.0;1100;23.0;40
Nordeste;CE;2020-04-03;185.0;1285;4.0;44
Nordeste;CE;2020-04-04;189.0;1474;0.0;44
Nordeste;CE;2020-04-05;174.0;1648;8.0;52
Nordeste;CE;2020-04-06;389.0;2037;8.0;60
Nordeste;CE;2020-04-07;203.0;2240;12.0;72
Nordeste;CE;2020-04-08;425.0;2665;24.0;96
Nordeste;CE;2020-04-09;205.0;2870;16.0;112
Nordeste;CE;2020-04-10;166.0;3036;13.0;125
Nordeste;CE;2020-04-11;214.0;3250;16.0;141
Nordeste;CE;2020-04-12;173.0;3423;9.0;150
Nordeste;CE;2020-04-13;312.0;3735;41.0;191
Nordeste;CE;2020-04-14;340.0;4075;27.0;218
Nordeste;CE;2020-04-15;373.0;4448;22.0;240
Nordeste;CE;2020-04-16;324.0;4772;9.0;249
Nordeste;CE;2020-04-17;596.0;5368;49.0;298
Nordeste;CE;2020-04-18;728.0;6096;58.0;356
Nordeste;CE;2020-04-19;462.0;6558;19.0;375
Nordeste;CE;2020-04-20;409.0;6967;29.0;404
Nordeste;CE;2020-04-21;465.0;7432;35.0;439
Nordeste;CE;2020-04-22;568.0;8000;32.0;471
Nordeste;CE;2020-04-23;1274.0;9274;65.0;536
Nordeste;CE;2020-04-24;647.0;9921;41.0;577
Nordeste;CE;2020-04-25;1167.0;11088;59.0;636
Nordeste;CE;2020-04-26;831.0;11919;50.0;686
Nordeste;CE;2020-04-27;1505.0;13424;94.0;780
Nordeste;CE;2020-04-28;448.0;13872;39.0;819
Nordeste;CE;2020-04-29;772.0;14644;71.0;890
Nordeste;CE;2020-04-30;568.0;15212;74.0;964
Nordeste;CE;2020-05-01;667.0;15879;67.0;1031
Nordeste;CE;2020-05-02;661.0;16540;221.0;1252
Nordeste;CE;2020-05-03;209.0;16749;88.0;1340
Nordeste;CE;2020-05-04;5331.0;22080;84.0;1424
Nordeste;CE;2020-05-05;860.0;22940;166.0;1590
Nordeste;CE;2020-05-06;1668.0;24608;106.0;1696
Nordeste;CE;2020-05-07;3168.0;27776;110.0;1806
Nordeste;CE;2020-05-08;2136.0;29912;126.0;1932
Nordeste;CE;2020-05-09;1846.0;31758;192.0;2124
Nordeste;CE;2020-05-10;1626.0;33384;104.0;2228
Nordeste;CE;2020-05-11;1814.0;35198;150.0;2378
Nordeste;CE;2020-05-12;1626.0;36824;182.0;2560
Nordeste;CE;2020-05-13;1488.0;38312;218.0;2778
Nordeste;CE;2020-05-14;3842.0;42154;48.0;2826
Nordeste;CE;2020-05-15;2826.0;44980;126.0;2952
Nordeste;CE;2020-05-16;2610.0;47590;276.0;3228
Nordeste;CE;2020-05-17;920.0;48510;54.0;3282
Nordeste;CE;2020-05-18;4216.0;52726;214.0;3496
Nordeste;CE;2020-05-19;3498.0;56224;216.0;3712
Nordeste;CE;2020-05-20;4896.0;61120;88.0;3800
Nordeste;CE;2020-05-21;1706.0;62826;522.0;4322
Nordeste;CE;2020-05-22;6320.0;69146;180.0;4502
Nordeste;CE;2020-05-23;1098.0;70244;114.0;4616
Nordeste;CE;2020-05-24;946.0;71190;32.0;4648
Nordeste;CE;2020-05-25;1180.0;72370;338.0;4986
Nordeste;CE;2020-05-26;1672.0;74042;220.0;5206
Nordeste;RN;2020-03-13;1.0;1;0.0;0
Nordeste;RN;2020-03-14;0.0;1;0.0;0
Nordeste;RN;2020-03-15;0.0;1;0.0;0
Nordeste;RN;2020-03-16;0.0;1;0.0;0
Nordeste;RN;2020-03-17;0.0;1;0.0;0
Nordeste;RN;2020-03-18;0.0;1;0.0;0
Nordeste;RN;2020-03-19;0.0;1;0.0;0
Nordeste;RN;2020-03-20;0.0;1;0.0;0
Nordeste;RN;2020-03-21;5.0;6;0.0;0
Nordeste;RN;2020-03-22;3.0;9;0.0;0
Nordeste;RN;2020-03-23;4.0;13;0.0;0
Nordeste;RN;2020-03-24;0.0;13;0.0;0
Nordeste;RN;2020-03-25;1.0;14;0.0;0
Nordeste;RN;2020-03-26;5.0;19;0.0;0
Nordeste;RN;2020-03-27;9.0;28;0.0;0
Nordeste;RN;2020-03-28;62.0;90;0.0;0
Nordeste;RN;2020-03-29;46.0;136;2.0;2
Nordeste;RN;2020-03-30;18.0;154;0.0;2
Nordeste;RN;2020-03-31;10.0;164;0.0;2
Nordeste;RN;2020-04-01;20.0;184;2.0;4
Nordeste;RN;2020-04-02;27.0;211;0.0;4
Nordeste;RN;2020-04-03;141.0;352;4.0;8
Nordeste;RN;2020-04-04;74.0;426;2.0;10
Nordeste;RN;2020-04-05;58.0;484;4.0;14
Nordeste;RN;2020-04-06;8.0;492;0.0;14
Nordeste;RN;2020-04-07;16.0;508;2.0;16
Nordeste;RN;2020-04-08;14.0;522;6.0;22
Nordeste;RN;2020-04-09;0.0;522;0.0;22
Nordeste;RN;2020-04-10;4.0;526;0.0;22
Nordeste;RN;2020-04-11;52.0;578;4.0;26
Nordeste;RN;2020-04-12;27.0;605;4.0;30
Nordeste;RN;2020-04-13;73.0;678;4.0;34
Nordeste;RN;2020-04-14;74.0;752;2.0;36
Nordeste;RN;2020-04-15;46.0;798;2.0;38
Nordeste;RN;2020-04-16;2.0;800;2.0;40
Nordeste;RN;2020-04-17;126.0;926;6.0;46
Nordeste;RN;2020-04-18;106.0;1032;2.0;48
Nordeste;RN;2020-04-19;55.0;1087;3.0;51
Nordeste;RN;2020-04-20;103.0;1190;3.0;54
Nordeste;RN;2020-04-21;26.0;1216;2.0;56
Nordeste;RN;2020-04-22;76.0;1292;2.0;58
Nordeste;RN;2020-04-23;124.0;1416;10.0;68
Nordeste;RN;2020-04-24;92.0;1508;9.0;77
Nordeste;RN;2020-04-25;54.0;1562;3.0;80
Nordeste;RN;2020-04-26;88.0;1650;8.0;88
Nordeste;RN;2020-04-27;14.0;1664;2.0;90
Nordeste;RN;2020-04-28;50.0;1714;6.0;96
Nordeste;RN;2020-04-29;458.0;2172;10.0;106
Nordeste;RN;2020-04-30;182.0;2354;6.0;112
Nordeste;RN;2020-05-01;240.0;2594;0.0;112
Nordeste;RN;2020-05-02;138.0;2732;6.0;118
Nordeste;RN;2020-05-03;52.0;2784;4.0;122
Nordeste;RN;2020-05-04;58.0;2842;2.0;124
Nordeste;RN;2020-05-05;230.0;3072;12.0;136
Nordeste;RN;2020-05-06;76.0;3148;8.0;144
Nordeste;RN;2020-05-07;330.0;3478;8.0;152
Nordeste;RN;2020-05-08;164.0;3642;10.0;162
Nordeste;RN;2020-05-09;196.0;3838;12.0;174
Nordeste;RN;2020-05-10;18.0;3856;2.0;176
Nordeste;RN;2020-05-11;122.0;3978;8.0;184
Nordeste;RN;2020-05-12;88.0;4066;2.0;186
Nordeste;RN;2020-05-13;668.0;4734;24.0;210
Nordeste;RN;2020-05-14;340.0;5074;24.0;234
Nordeste;RN;2020-05-15;498.0;5572;10.0;244
Nordeste;RN;2020-05-16;436.0;6008;28.0;272
Nordeste;RN;2020-05-17;266.0;6274;6.0;278
Nordeste;RN;2020-05-18;94.0;6368;14.0;292
Nordeste;RN;2020-05-19;598.0;6966;28.0;320
Nordeste;RN;2020-05-20;626.0;7592;20.0;340
Nordeste;RN;2020-05-21;528.0;8120;16.0;356
Nordeste;RN;2020-05-22;382.0;8502;6.0;362
Nordeste;RN;2020-05-23;696.0;9198;6.0;368
Nordeste;RN;2020-05-24;196.0;9394;32.0;400
Nordeste;RN;2020-05-25;124.0;9518;18.0;418
Nordeste;RN;2020-05-26;1426.0;10944;22.0;440
Nordeste;PB;2020-03-19;1.0;1;0.0;0
Nordeste;PB;2020-03-20;0.0;1;0.0;0
Nordeste;PB;2020-03-21;0.0;1;0.0;0
Nordeste;PB;2020-03-22;0.0;1;0.0;0
Nordeste;PB;2020-03-23;1.0;2;0.0;0
Nordeste;PB;2020-03-24;1.0;3;0.0;0
Nordeste;PB;2020-03-25;0.0;3;0.0;0
Nordeste;PB;2020-03-26;2.0;5;0.0;0
Nordeste;PB;2020-03-27;4.0;9;0.0;0
Nordeste;PB;2020-03-28;19.0;28;0.0;0
Nordeste;PB;2020-03-29;0.0;28;0.0;0
Nordeste;PB;2020-03-30;2.0;30;0.0;0
Nordeste;PB;2020-03-31;4.0;34;0.0;0
Nordeste;PB;2020-04-01;6.0;40;2.0;2
Nordeste;PB;2020-04-02;2.0;42;0.0;2
Nordeste;PB;2020-04-03;16.0;58;0.0;2
Nordeste;PB;2020-04-04;6.0;64;2.0;4
Nordeste;PB;2020-04-05;4.0;68;4.0;8
Nordeste;PB;2020-04-06;2.0;70;0.0;8
Nordeste;PB;2020-04-07;2.0;72;0.0;8
Nordeste;PB;2020-04-08;10.0;82;0.0;8
Nordeste;PB;2020-04-09;28.0;110;6.0;14
Nordeste;PB;2020-04-10;48.0;158;8.0;22
Nordeste;PB;2020-04-11;12.0;170;0.0;22
Nordeste;PB;2020-04-12;32.0;202;4.0;26
Nordeste;PB;2020-04-13;20.0;222;0.0;26
Nordeste;PB;2020-04-14;50.0;272;6.0;32
Nordeste;PB;2020-04-15;31.0;303;10.0;42
Nordeste;PB;2020-04-16;27.0;330;6.0;48
Nordeste;PB;2020-04-17;60.0;390;4.0;52
Nordeste;PB;2020-04-18;20.0;410;2.0;54
Nordeste;PB;2020-04-19;62.0;472;4.0;58
Nordeste;PB;2020-04-20;18.0;490;6.0;64
Nordeste;PB;2020-04-21;36.0;526;2.0;66
Nordeste;PB;2020-04-22;76.0;602;12.0;78
Nordeste;PB;2020-04-23;88.0;690;2.0;80
Nordeste;PB;2020-04-24;82.0;772;8.0;88
Nordeste;PB;2020-04-25;122.0;894;4.0;92
Nordeste;PB;2020-04-26;104.0;998;6.0;98
Nordeste;PB;2020-04-27;88.0;1086;2.0;100
Nordeste;PB;2020-04-28;180.0;1266;6.0;106
Nordeste;PB;2020-04-29;132.0;1398;10.0;116
Nordeste;PB;2020-04-30;230.0;1628;8.0;124
Nordeste;PB;2020-05-01;224.0;1852;10.0;134
Nordeste;PB;2020-05-02;216.0;2068;14.0;148
Nordeste;PB;2020-05-03;270.0;2338;4.0;152
Nordeste;PB;2020-05-04;100.0;2438;6.0;158
Nordeste;PB;2020-05-05;284.0;2722;12.0;170
Nordeste;PB;2020-05-06;264.0;2986;14.0;184
Nordeste;PB;2020-05-07;328.0;3314;18.0;202
Nordeste;PB;2020-05-08;748.0;4062;26.0;228
Nordeste;PB;2020-05-09;250.0;4312;20.0;248
Nordeste;PB;2020-05-10;370.0;4682;22.0;270
Nordeste;PB;2020-05-11;368.0;5050;8.0;278
Nordeste;PB;2020-05-12;504.0;5554;30.0;308
Nordeste;PB;2020-05-13;536.0;6090;6.0;314
Nordeste;PB;2020-05-14;632.0;6722;6.0;320
Nordeste;PB;2020-05-15;756.0;7478;20.0;340
Nordeste;PB;2020-05-16;648.0;8126;26.0;366
Nordeste;PB;2020-05-17;568.0;8694;22.0;388
Nordeste;PB;2020-05-18;878.0;9572;26.0;414
Nordeste;PB;2020-05-19;1028.0;10600;24.0;438
Nordeste;PB;2020-05-20;1076.0;11676;22.0;460
Nordeste;PB;2020-05-21;800.0;12476;30.0;490
Nordeste;PB;2020-05-22;1288.0;13764;6.0;496
Nordeste;PB;2020-05-23;1252.0;15016;20.0;516
Nordeste;PB;2020-05-24;630.0;15646;28.0;544
Nordeste;PB;2020-05-25;386.0;16032;14.0;558
Nordeste;PB;2020-05-26;1806.0;17838;14.0;572
Nordeste;PE;2020-03-12;2.0;2;0.0;0
Nordeste;PE;2020-03-13;0.0;2;0.0;0
Nordeste;PE;2020-03-14;0.0;2;0.0;0
Nordeste;PE;2020-03-15;0.0;2;0.0;0
Nordeste;PE;2020-03-16;0.0;2;0.0;0
Nordeste;PE;2020-03-17;14.0;16;0.0;0
Nordeste;PE;2020-03-18;0.0;16;0.0;0
Nordeste;PE;2020-03-19;12.0;28;0.0;0
Nordeste;PE;2020-03-20;2.0;30;0.0;0
Nordeste;PE;2020-03-21;0.0;30;0.0;0
Nordeste;PE;2020-03-22;7.0;37;0.0;0
Nordeste;PE;2020-03-23;5.0;42;0.0;0
Nordeste;PE;2020-03-24;0.0;42;0.0;0
Nordeste;PE;2020-03-25;4.0;46;1.0;1
Nordeste;PE;2020-03-26;2.0;48;2.0;3
Nordeste;PE;2020-03-27;8.0;56;1.0;4
Nordeste;PE;2020-03-28;80.0;136;6.0;10
Nordeste;PE;2020-03-29;10.0;146;0.0;10
Nordeste;PE;2020-03-30;10.0;156;2.0;12
Nordeste;PE;2020-03-31;18.0;174;0.0;12
Nordeste;PE;2020-04-01;16.0;190;4.0;16
Nordeste;PE;2020-04-02;22.0;212;2.0;18
Nordeste;PE;2020-04-03;60.0;272;2.0;20
Nordeste;PE;2020-04-04;80.0;352;8.0;28
Nordeste;PE;2020-04-05;50.0;402;14.0;42
Nordeste;PE;2020-04-06;44.0;446;18.0;60
Nordeste;PE;2020-04-07;258.0;704;8.0;68
Nordeste;PE;2020-04-08;98.0;802;24.0;92
Nordeste;PE;2020-04-09;308.0;1110;20.0;112
Nordeste;PE;2020-04-10;258.0;1368;18.0;130
Nordeste;PE;2020-04-11;264.0;1632;14.0;144
Nordeste;PE;2020-04-12;288.0;1920;26.0;170
Nordeste;PE;2020-04-13;388.0;2308;34.0;204
Nordeste;PE;2020-04-14;260.0;2568;26.0;230
Nordeste;PE;2020-04-15;400.0;2968;56.0;286
Nordeste;PE;2020-04-16;398.0;3366;34.0;320
Nordeste;PE;2020-04-17;646.0;4012;52.0;372
Nordeste;PE;2020-04-18;374.0;4386;38.0;410
Nordeste;PE;2020-04-19;532.0;4918;22.0;432
Nordeste;PE;2020-04-20;462.0;5380;36.0;468
Nordeste;PE;2020-04-21;436.0;5816;52.0;520
Nordeste;PE;2020-04-22;780.0;6596;44.0;564
Nordeste;PE;2020-04-23;527.0;7123;60.0;624
Nordeste;PE;2020-04-24;875.0;7998;80.0;704
Nordeste;PE;2020-04-25;1016.0;9014;58.0;762
Nordeste;PE;2020-04-26;782.0;9796;68.0;830
Nordeste;PE;2020-04-27;920.0;10716;70.0;900
Nordeste;PE;2020-04-28;732.0;11448;116.0;1016
Nordeste;PE;2020-04-29;940.0;12388;60.0;1076
Nordeste;PE;2020-04-30;1364.0;13752;54.0;1130
Nordeste;PE;2020-05-01;916.0;14668;76.0;1206
Nordeste;PE;2020-05-02;1622.0;16290;50.0;1256
Nordeste;PE;2020-05-03;996.0;17286;48.0;1304
Nordeste;PE;2020-05-04;440.0;17726;78.0;1382
Nordeste;PE;2020-05-05;924.0;18650;116.0;1498
Nordeste;PE;2020-05-06;1112.0;19762;108.0;1606
Nordeste;PE;2020-05-07;1886.0;21648;84.0;1690
Nordeste;PE;2020-05-08;1526.0;23174;164.0;1854
Nordeste;PE;2020-05-09;1766.0;24940;90.0;1944
Nordeste;PE;2020-05-10;1610.0;26550;150.0;2094
Nordeste;PE;2020-05-11;986.0;27536;80.0;2174
Nordeste;PE;2020-05-12;1082.0;28618;140.0;2314
Nordeste;PE;2020-05-13;1184.0;29802;134.0;2448
Nordeste;PE;2020-05-14;1374.0;31176;148.0;2596
Nordeste;PE;2020-05-15;1242.0;32418;166.0;2762
Nordeste;PE;2020-05-16;4558.0;36976;160.0;2922
Nordeste;PE;2020-05-17;1928.0;38904;110.0;3032
Nordeste;PE;2020-05-18;1284.0;40188;248.0;3280
Nordeste;PE;2020-05-19;2296.0;42484;202.0;3482
Nordeste;PE;2020-05-20;2636.0;45120;186.0;3668
Nordeste;PE;2020-05-21;2702.0;47822;182.0;3850
Nordeste;PE;2020-05-22;3698.0;51520;264.0;4114
Nordeste;PE;2020-05-23;2052.0;53572;174.0;4288
Nordeste;PE;2020-05-24;1946.0;55518;112.0;4400
Nordeste;PE;2020-05-25;1214.0;56732;96.0;4496
Nordeste;PE;2020-05-26;976.0;57708;160.0;4656
Nordeste;AL;2020-03-08;1.0;1;0.0;0
Nordeste;AL;2020-03-09;0.0;1;0.0;0
Nordeste;AL;2020-03-10;0.0;1;0.0;0
Nordeste;AL;2020-03-11;0.0;1;0.0;0
Nordeste;AL;2020-03-12;0.0;1;0.0;0
Nordeste;AL;2020-03-13;0.0;1;0.0;0
Nordeste;AL;2020-03-14;0.0;1;0.0;0
Nordeste;AL;2020-03-15;0.0;1;0.0;0
Nordeste;AL;2020-03-16;0.0;1;0.0;0
Nordeste;AL;2020-03-17;0.0;1;0.0;0
Nordeste;AL;2020-03-18;0.0;1;0.0;0
Nordeste;AL;2020-03-19;3.0;4;0.0;0
Nordeste;AL;2020-03-20;1.0;5;0.0;0
Nordeste;AL;2020-03-21;2.0;7;0.0;0
Nordeste;AL;2020-03-22;0.0;7;0.0;0
Nordeste;AL;2020-03-23;0.0;7;0.0;0
Nordeste;AL;2020-03-24;2.0;9;0.0;0
Nordeste;AL;2020-03-25;2.0;11;0.0;0
Nordeste;AL;2020-03-26;0.0;11;0.0;0
Nordeste;AL;2020-03-27;0.0;11;0.0;0
Nordeste;AL;2020-03-28;17.0;28;0.0;0
Nordeste;AL;2020-03-29;6.0;34;0.0;0
Nordeste;AL;2020-03-30;0.0;34;0.0;0
Nordeste;AL;2020-03-31;2.0;36;2.0;2
Nordeste;AL;2020-04-01;0.0;36;0.0;2
Nordeste;AL;2020-04-02;0.0;36;0.0;2
Nordeste;AL;2020-04-03;9.0;45;2.0;4
Nordeste;AL;2020-04-04;1.0;46;0.0;4
Nordeste;AL;2020-04-05;10.0;56;0.0;4
Nordeste;AL;2020-04-06;6.0;62;0.0;4
Nordeste;AL;2020-04-07;2.0;64;0.0;4
Nordeste;AL;2020-04-08;10.0;74;1.0;5
Nordeste;AL;2020-04-09;0.0;74;1.0;6
Nordeste;AL;2020-04-10;16.0;90;0.0;6
Nordeste;AL;2020-04-11;6.0;96;0.0;6
Nordeste;AL;2020-04-12;0.0;96;0.0;6
Nordeste;AL;2020-04-13;4.0;100;0.0;6
Nordeste;AL;2020-04-14;44.0;144;2.0;8
Nordeste;AL;2020-04-15;20.0;164;2.0;10
Nordeste;AL;2020-04-16;14.0;178;0.0;10
Nordeste;AL;2020-04-17;42.0;220;4.0;14
Nordeste;AL;2020-04-18;44.0;264;3.0;17
Nordeste;AL;2020-04-19;54.0;318;13.0;30
Nordeste;AL;2020-04-20;24.0;342;6.0;36
Nordeste;AL;2020-04-21;78.0;420;2.0;38
Nordeste;AL;2020-04-22;66.0;486;2.0;40
Nordeste;AL;2020-04-23;162.0;648;4.0;44
Nordeste;AL;2020-04-24;178.0;826;10.0;54
Nordeste;AL;2020-04-25;177.0;1003;4.0;58
Nordeste;AL;2020-04-26;111.0;1114;6.0;64
Nordeste;AL;2020-04-27;172.0;1286;4.0;68
Nordeste;AL;2020-04-28;268.0;1554;4.0;72
Nordeste;AL;2020-04-29;360.0;1914;10.0;82
Nordeste;AL;2020-04-30;175.0;2089;12.0;94
Nordeste;AL;2020-05-01;363.0;2452;12.0;106
Nordeste;AL;2020-05-02;292.0;2744;10.0;116
Nordeste;AL;2020-05-03;138.0;2882;12.0;128
Nordeste;AL;2020-05-04;194.0;3076;16.0;144
Nordeste;AL;2020-05-05;136.0;3212;16.0;160
Nordeste;AL;2020-05-06;194.0;3406;18.0;178
Nordeste;AL;2020-05-07;328.0;3734;18.0;196
Nordeste;AL;2020-05-08;332.0;4066;20.0;216
Nordeste;AL;2020-05-09;278.0;4344;12.0;228
Nordeste;AL;2020-05-10;172.0;4516;24.0;252
Nordeste;AL;2020-05-11;170.0;4686;24.0;276
Nordeste;AL;2020-05-12;474.0;5160;24.0;300
Nordeste;AL;2020-05-13;362.0;5522;28.0;328
Nordeste;AL;2020-05-14;422.0;5944;26.0;354
Nordeste;AL;2020-05-15;480.0;6424;20.0;374
Nordeste;AL;2020-05-16;762.0;7186;24.0;398
Nordeste;AL;2020-05-17;446.0;7632;22.0;420
Nordeste;AL;2020-05-18;430.0;8062;22.0;442
Nordeste;AL;2020-05-19;570.0;8632;20.0;462
Nordeste;AL;2020-05-20;242.0;8874;40.0;502
Nordeste;AL;2020-05-21;958.0;9832;22.0;524
Nordeste;AL;2020-05-22;772.0;10604;36.0;560
Nordeste;AL;2020-05-23;656.0;11260;42.0;602
Nordeste;AL;2020-05-24;1168.0;12428;30.0;632
Nordeste;AL;2020-05-25;936.0;13364;42.0;674
Nordeste;AL;2020-05-26;752.0;14116;34.0;708
Nordeste;SE;2020-03-15;1.0;1;0.0;0
Nordeste;SE;2020-03-16;0.0;1;0.0;0
Nordeste;SE;2020-03-17;3.0;4;0.0;0
Nordeste;SE;2020-03-18;1.0;5;0.0;0
Nordeste;SE;2020-03-19;1.0;6;0.0;0
Nordeste;SE;2020-03-20;0.0;6;0.0;0
Nordeste;SE;2020-03-21;4.0;10;0.0;0
Nordeste;SE;2020-03-22;0.0;10;0.0;0
Nordeste;SE;2020-03-23;0.0;10;0.0;0
Nordeste;SE;2020-03-24;5.0;15;0.0;0
Nordeste;SE;2020-03-25;1.0;16;0.0;0
Nordeste;SE;2020-03-26;0.0;16;0.0;0
Nordeste;SE;2020-03-27;0.0;16;0.0;0
Nordeste;SE;2020-03-28;16.0;32;0.0;0
Nordeste;SE;2020-03-29;0.0;32;0.0;0
Nordeste;SE;2020-03-30;0.0;32;0.0;0
Nordeste;SE;2020-03-31;6.0;38;0.0;0
Nordeste;SE;2020-04-01;2.0;40;0.0;0
Nordeste;SE;2020-04-02;6.0;46;4.0;4
Nordeste;SE;2020-04-03;4.0;50;0.0;4
Nordeste;SE;2020-04-04;4.0;54;0.0;4
Nordeste;SE;2020-04-05;10.0;64;2.0;6
Nordeste;SE;2020-04-06;0.0;64;2.0;8
Nordeste;SE;2020-04-07;8.0;72;0.0;8
Nordeste;SE;2020-04-08;0.0;72;0.0;8
Nordeste;SE;2020-04-09;6.0;78;0.0;8
Nordeste;SE;2020-04-10;6.0;84;0.0;8
Nordeste;SE;2020-04-11;0.0;84;0.0;8
Nordeste;SE;2020-04-12;4.0;88;0.0;8
Nordeste;SE;2020-04-13;0.0;88;0.0;8
Nordeste;SE;2020-04-14;2.0;90;0.0;8
Nordeste;SE;2020-04-15;2.0;92;0.0;8
Nordeste;SE;2020-04-16;4.0;96;0.0;8
Nordeste;SE;2020-04-17;10.0;106;0.0;8
Nordeste;SE;2020-04-18;36.0;142;2.0;10
Nordeste;SE;2020-04-19;24.0;166;0.0;10
Nordeste;SE;2020-04-20;6.0;172;0.0;10
Nordeste;SE;2020-04-21;12.0;184;0.0;10
Nordeste;SE;2020-04-22;50.0;234;4.0;14
Nordeste;SE;2020-04-23;14.0;248;2.0;16
Nordeste;SE;2020-04-24;40.0;288;0.0;16
Nordeste;SE;2020-04-25;18.0;306;2.0;18
Nordeste;SE;2020-04-26;12.0;318;0.0;18
Nordeste;SE;2020-04-27;76.0;394;2.0;20
Nordeste;SE;2020-04-28;166.0;560;2.0;22
Nordeste;SE;2020-04-29;114.0;674;2.0;24
Nordeste;SE;2020-04-30;220.0;894;0.0;24
Nordeste;SE;2020-05-01;140.0;1034;4.0;28
Nordeste;SE;2020-05-02;168.0;1202;0.0;28
Nordeste;SE;2020-05-03;258.0;1460;0.0;28
Nordeste;SE;2020-05-04;84.0;1544;6.0;34
Nordeste;SE;2020-05-05;252.0;1796;8.0;42
Nordeste;SE;2020-05-06;200.0;1996;4.0;46
Nordeste;SE;2020-05-07;432.0;2428;4.0;50
Nordeste;SE;2020-05-08;448.0;2876;6.0;56
Nordeste;SE;2020-05-09;300.0;3176;10.0;66
Nordeste;SE;2020-05-10;366.0;3542;2.0;68
Nordeste;SE;2020-05-11;58.0;3600;6.0;74
Nordeste;SE;2020-05-12;464.0;4064;0.0;74
Nordeste;SE;2020-05-13;472.0;4536;10.0;84
Nordeste;SE;2020-05-14;452.0;4988;10.0;94
Nordeste;SE;2020-05-15;748.0;5736;6.0;100
Nordeste;SE;2020-05-16;534.0;6270;6.0;106
Nordeste;SE;2020-05-17;416.0;6686;8.0;114
Nordeste;SE;2020-05-18;446.0;7132;4.0;118
Nordeste;SE;2020-05-19;802.0;7934;8.0;126
Nordeste;SE;2020-05-20;620.0;8554;12.0;138
Nordeste;SE;2020-05-21;914.0;9468;14.0;152
Nordeste;SE;2020-05-22;376.0;9844;12.0;164
Nordeste;SE;2020-05-23;418.0;10262;8.0;172
Nordeste;SE;2020-05-24;366.0;10628;14.0;186
Nordeste;SE;2020-05-25;268.0;10896;20.0;206
Nordeste;SE;2020-05-26;574.0;11470;26.0;232
Nordeste;BA;2020-03-06;1.0;1;0.0;0
Nordeste;BA;2020-03-07;1.0;2;0.0;0
Nordeste;BA;2020-03-08;0.0;2;0.0;0
Nordeste;BA;2020-03-09;0.0;2;0.0;0
Nordeste;BA;2020-03-10;0.0;2;0.0;0
Nordeste;BA;2020-03-11;0.0;2;0.0;0
Nordeste;BA;2020-03-12;0.0;2;0.0;0
Nordeste;BA;2020-03-13;0.0;2;0.0;0
Nordeste;BA;2020-03-14;0.0;2;0.0;0
Nordeste;BA;2020-03-15;0.0;2;0.0;0
Nordeste;BA;2020-03-16;0.0;2;0.0;0
Nordeste;BA;2020-03-17;1.0;3;0.0;0
Nordeste;BA;2020-03-18;0.0;3;0.0;0
Nordeste;BA;2020-03-19;27.0;30;0.0;0
Nordeste;BA;2020-03-20;3.0;33;0.0;0
Nordeste;BA;2020-03-21;8.0;41;0.0;0
Nordeste;BA;2020-03-22;8.0;49;0.0;0
Nordeste;BA;2020-03-23;14.0;63;0.0;0
Nordeste;BA;2020-03-24;13.0;76;0.0;0
Nordeste;BA;2020-03-25;8.0;84;0.0;0
Nordeste;BA;2020-03-26;20.0;104;0.0;0
Nordeste;BA;2020-03-27;11.0;115;0.0;0
Nordeste;BA;2020-03-28;140.0;255;0.0;0
Nordeste;BA;2020-03-29;55.0;310;2.0;2
Nordeste;BA;2020-03-30;42.0;352;0.0;2
Nordeste;BA;2020-03-31;78.0;430;2.0;4
Nordeste;BA;2020-04-01;62.0;492;0.0;4
Nordeste;BA;2020-04-02;42.0;534;2.0;6
Nordeste;BA;2020-04-03;37.0;571;4.0;10
Nordeste;BA;2020-04-04;97.0;668;4.0;14
Nordeste;BA;2020-04-05;134.0;802;4.0;18
Nordeste;BA;2020-04-06;60.0;862;2.0;20
Nordeste;BA;2020-04-07;56.0;918;6.0;26
Nordeste;BA;2020-04-08;94.0;1012;7.0;33
Nordeste;BA;2020-04-09;115.0;1127;5.0;38
Nordeste;BA;2020-04-10;93.0;1220;0.0;38
Nordeste;BA;2020-04-11;55.0;1275;4.0;42
Nordeste;BA;2020-04-12;72.0;1347;0.0;42
Nordeste;BA;2020-04-13;99.0;1446;2.0;44
Nordeste;BA;2020-04-14;89.0;1535;3.0;47
Nordeste;BA;2020-04-15;156.0;1691;8.0;55
Nordeste;BA;2020-04-16;227.0;1918;9.0;64
Nordeste;BA;2020-04-17;205.0;2123;8.0;72
Nordeste;BA;2020-04-18;270.0;2393;4.0;76
Nordeste;BA;2020-04-19;86.0;2479;14.0;90
Nordeste;BA;2020-04-20;239.0;2718;3.0;93
Nordeste;BA;2020-04-21;275.0;2993;2.0;95
Nordeste;BA;2020-04-22;296.0;3289;8.0;103
Nordeste;BA;2020-04-23;345.0;3634;18.0;121
Nordeste;BA;2020-04-24;307.0;3941;10.0;131
Nordeste;BA;2020-04-25;256.0;4197;11.0;142
Nordeste;BA;2020-04-26;260.0;4457;5.0;147
Nordeste;BA;2020-04-27;253.0;4710;12.0;159
Nordeste;BA;2020-04-28;394.0;5104;20.0;179
Nordeste;BA;2020-04-29;218.0;5322;17.0;196
Nordeste;BA;2020-04-30;396.0;5718;14.0;210
Nordeste;BA;2020-05-01;507.0;6225;24.0;234
Nordeste;BA;2020-05-02;357.0;6582;12.0;246
Nordeste;BA;2020-05-03;479.0;7061;5.0;251
Nordeste;BA;2020-05-04;407.0;7468;31.0;282
Nordeste;BA;2020-05-05;612.0;8080;10.0;292
Nordeste;BA;2020-05-06;522.0;8602;28.0;320
Nordeste;BA;2020-05-07;454.0;9056;10.0;330
Nordeste;BA;2020-05-08;580.0;9636;36.0;366
Nordeste;BA;2020-05-09;712.0;10348;26.0;392
Nordeste;BA;2020-05-10;768.0;11116;12.0;404
Nordeste;BA;2020-05-11;500.0;11616;18.0;422
Nordeste;BA;2020-05-12;792.0;12408;28.0;450
Nordeste;BA;2020-05-13;686.0;13094;22.0;472
Nordeste;BA;2020-05-14;816.0;13910;52.0;524
Nordeste;BA;2020-05-15;2346.0;16256;35.0;559
Nordeste;BA;2020-05-16;372.0;16628;13.0;572
Nordeste;BA;2020-05-17;258.0;16886;18.0;590
Nordeste;BA;2020-05-18;276.0;17162;34.0;624
Nordeste;BA;2020-05-19;4864.0;22026;28.0;652
Nordeste;BA;2020-05-20;368.0;22394;72.0;724
Nordeste;BA;2020-05-21;1488.0;23882;28.0;752
Nordeste;BA;2020-05-22;1232.0;25114;46.0;798
Nordeste;BA;2020-05-23;886.0;26000;28.0;826
Nordeste;BA;2020-05-24;1798.0;27798;94.0;920
Nordeste;BA;2020-05-25;610.0;28408;34.0;954
Nordeste;BA;2020-05-26;724.0;29132;36.0;990
Sudeste;MG;2020-03-08;1.0;1;0.0;0
Sudeste;MG;2020-03-09;0.0;1;0.0;0
Sudeste;MG;2020-03-10;0.0;1;0.0;0
Sudeste;MG;2020-03-11;0.0;1;0.0;0
Sudeste;MG;2020-03-12;0.0;1;0.0;0
Sudeste;MG;2020-03-13;1.0;2;0.0;0
Sudeste;MG;2020-03-14;0.0;2;0.0;0
Sudeste;MG;2020-03-15;0.0;2;0.0;0
Sudeste;MG;2020-03-16;3.0;5;0.0;0
Sudeste;MG;2020-03-17;2.0;7;0.0;0
Sudeste;MG;2020-03-18;8.0;15;0.0;0
Sudeste;MG;2020-03-19;14.0;29;0.0;0
Sudeste;MG;2020-03-20;6.0;35;0.0;0
Sudeste;MG;2020-03-21;3.0;38;0.0;0
Sudeste;MG;2020-03-22;45.0;83;0.0;0
Sudeste;MG;2020-03-23;45.0;128;0.0;0
Sudeste;MG;2020-03-24;2.0;130;0.0;0
Sudeste;MG;2020-03-25;3.0;133;0.0;0
Sudeste;MG;2020-03-26;20.0;153;0.0;0
Sudeste;MG;2020-03-27;36.0;189;0.0;0
Sudeste;MG;2020-03-28;221.0;410;0.0;0
Sudeste;MG;2020-03-29;52.0;462;0.0;0
Sudeste;MG;2020-03-30;60.0;522;2.0;2
Sudeste;MG;2020-03-31;28.0;550;2.0;4
Sudeste;MG;2020-04-01;78.0;628;2.0;6
Sudeste;MG;2020-04-02;112.0;740;2.0;8
Sudeste;MG;2020-04-03;54.0;794;4.0;12
Sudeste;MG;2020-04-04;66.0;860;0.0;12
Sudeste;MG;2020-04-05;136.0;996;0.0;12
Sudeste;MG;2020-04-06;54.0;1050;6.0;18
Sudeste;MG;2020-04-07;68.0;1118;4.0;22
Sudeste;MG;2020-04-08;110.0;1228;6.0;28
Sudeste;MG;2020-04-09;82.0;1310;2.0;30
Sudeste;MG;2020-04-10;86.0;1396;4.0;34
Sudeste;MG;2020-04-11;104.0;1500;0.0;34
Sudeste;MG;2020-04-12;112.0;1612;6.0;40
Sudeste;MG;2020-04-13;18.0;1630;6.0;46
Sudeste;MG;2020-04-14;138.0;1768;8.0;54
Sudeste;MG;2020-04-15;38.0;1806;6.0;60
Sudeste;MG;2020-04-16;110.0;1916;6.0;66
Sudeste;MG;2020-04-17;126.0;2042;4.0;70
Sudeste;MG;2020-04-18;112.0;2154;8.0;78
Sudeste;MG;2020-04-19;154.0;2308;0.0;78
Sudeste;MG;2020-04-20;70.0;2378;4.0;82
Sudeste;MG;2020-04-21;82.0;2460;6.0;88
Sudeste;MG;2020-04-22;106.0;2566;6.0;94
Sudeste;MG;2020-04-23;50.0;2616;8.0;102
Sudeste;MG;2020-04-24;222.0;2838;6.0;108
Sudeste;MG;2020-04-25;124.0;2962;8.0;116
Sudeste;MG;2020-04-26;134.0;3096;6.0;122
Sudeste;MG;2020-04-27;76.0;3172;2.0;124
Sudeste;MG;2020-04-28;126.0;3298;18.0;142
Sudeste;MG;2020-04-29;218.0;3516;18.0;160
Sudeste;MG;2020-04-30;138.0;3654;4.0;164
Sudeste;MG;2020-05-01;216.0;3870;12.0;176
Sudeste;MG;2020-05-02;176.0;4046;0.0;176
Sudeste;MG;2020-05-03;190.0;4236;2.0;178
Sudeste;MG;2020-05-04;458.0;4694;2.0;180
Sudeste;MG;2020-05-05;210.0;4904;8.0;188
Sudeste;MG;2020-05-06;306.0;5210;6.0;194
Sudeste;MG;2020-05-07;330.0;5540;18.0;212
Sudeste;MG;2020-05-08;346.0;5886;10.0;222
Sudeste;MG;2020-05-09;360.0;6246;14.0;236
Sudeste;MG;2020-05-10;228.0;6474;2.0;238
Sudeste;MG;2020-05-11;166.0;6640;4.0;242
Sudeste;MG;2020-05-12;230.0;6870;12.0;254
Sudeste;MG;2020-05-13;596.0;7466;16.0;270
Sudeste;MG;2020-05-14;434.0;7900;8.0;278
Sudeste;MG;2020-05-15;492.0;8392;14.0;292
Sudeste;MG;2020-05-16;556.0;8948;8.0;300
Sudeste;MG;2020-05-17;274.0;9222;12.0;312
Sudeste;MG;2020-05-18;168.0;9390;10.0;322
Sudeste;MG;2020-05-19;564.0;9954;12.0;334
Sudeste;MG;2020-05-20;618.0;10572;20.0;354
Sudeste;MG;2020-05-21;620.0;11192;28.0;382
Sudeste;MG;2020-05-22;798.0;11990;20.0;402
Sudeste;MG;2020-05-23;686.0;12676;32.0;434
Sudeste;MG;2020-05-24;660.0;13336;18.0;452
Sudeste;MG;2020-05-25;588.0;13924;8.0;460
Sudeste;MG;2020-05-26;1108.0;15032;8.0;468
Sudeste;ES;2020-03-06;1.0;1;0.0;0
Sudeste;ES;2020-03-07;0.0;1;0.0;0
Sudeste;ES;2020-03-08;0.0;1;0.0;0
Sudeste;ES;2020-03-09;0.0;1;0.0;0
Sudeste;ES;2020-03-10;0.0;1;0.0;0
Sudeste;ES;2020-03-11;0.0;1;0.0;0
Sudeste;ES;2020-03-12;0.0;1;0.0;0
Sudeste;ES;2020-03-13;0.0;1;0.0;0
Sudeste;ES;2020-03-14;0.0;1;0.0;0
Sudeste;ES;2020-03-15;0.0;1;0.0;0
Sudeste;ES;2020-03-16;0.0;1;0.0;0
Sudeste;ES;2020-03-17;0.0;1;0.0;0
Sudeste;ES;2020-03-18;8.0;9;0.0;0
Sudeste;ES;2020-03-19;2.0;11;0.0;0
Sudeste;ES;2020-03-20;2.0;13;0.0;0
Sudeste;ES;2020-03-21;13.0;26;0.0;0
Sudeste;ES;2020-03-22;0.0;26;0.0;0
Sudeste;ES;2020-03-23;3.0;29;0.0;0
Sudeste;ES;2020-03-24;4.0;33;0.0;0
Sudeste;ES;2020-03-25;6.0;39;0.0;0
Sudeste;ES;2020-03-26;0.0;39;0.0;0
Sudeste;ES;2020-03-27;8.0;47;0.0;0
Sudeste;ES;2020-03-28;59.0;106;0.0;0
Sudeste;ES;2020-03-29;14.0;120;0.0;0
Sudeste;ES;2020-03-30;24.0;144;0.0;0
Sudeste;ES;2020-03-31;24.0;168;0.0;0
Sudeste;ES;2020-04-01;24.0;192;0.0;0
Sudeste;ES;2020-04-02;48.0;240;2.0;2
Sudeste;ES;2020-04-03;38.0;278;6.0;8
Sudeste;ES;2020-04-04;28.0;306;2.0;10
Sudeste;ES;2020-04-05;26.0;332;2.0;12
Sudeste;ES;2020-04-06;56.0;388;0.0;12
Sudeste;ES;2020-04-07;30.0;418;0.0;12
Sudeste;ES;2020-04-08;36.0;454;0.0;12
Sudeste;ES;2020-04-09;92.0;546;0.0;12
Sudeste;ES;2020-04-10;54.0;600;2.0;14
Sudeste;ES;2020-04-11;98.0;698;4.0;18
Sudeste;ES;2020-04-12;68.0;766;0.0;18
Sudeste;ES;2020-04-13;94.0;860;10.0;28
Sudeste;ES;2020-04-14;66.0;926;6.0;34
Sudeste;ES;2020-04-15;188.0;1114;2.0;36
Sudeste;ES;2020-04-16;400.0;1514;11.0;47
Sudeste;ES;2020-04-17;270.0;1784;5.0;52
Sudeste;ES;2020-04-18;225.0;2009;5.0;57
Sudeste;ES;2020-04-19;215.0;2224;5.0;62
Sudeste;ES;2020-04-20;108.0;2332;4.0;66
Sudeste;ES;2020-04-21;129.0;2461;2.0;68
Sudeste;ES;2020-04-22;203.0;2664;3.0;71
Sudeste;ES;2020-04-23;62.0;2726;13.0;84
Sudeste;ES;2020-04-24;151.0;2877;5.0;89
Sudeste;ES;2020-04-25;329.0;3206;9.0;98
Sudeste;ES;2020-04-26;222.0;3428;9.0;107
Sudeste;ES;2020-04-27;208.0;3636;11.0;118
Sudeste;ES;2020-04-28;303.0;3939;22.0;140
Sudeste;ES;2020-04-29;389.0;4328;18.0;158
Sudeste;ES;2020-04-30;711.0;5039;17.0;175
Sudeste;ES;2020-05-01;414.0;5453;21.0;196
Sudeste;ES;2020-05-02;480.0;5933;9.0;205
Sudeste;ES;2020-05-03;239.0;6172;23.0;228
Sudeste;ES;2020-05-04;280.0;6452;16.0;244
Sudeste;ES;2020-05-05;352.0;6804;22.0;266
Sudeste;ES;2020-05-06;332.0;7136;24.0;290
Sudeste;ES;2020-05-07;540.0;7676;20.0;310
Sudeste;ES;2020-05-08;808.0;8484;20.0;330
Sudeste;ES;2020-05-09;340.0;8824;14.0;344
Sudeste;ES;2020-05-10;374.0;9198;18.0;362
Sudeste;ES;2020-05-11;440.0;9638;30.0;392
Sudeste;ES;2020-05-12;536.0;10174;32.0;424
Sudeste;ES;2020-05-13;628.0;10802;42.0;466
Sudeste;ES;2020-05-14;824.0;11626;32.0;498
Sudeste;ES;2020-05-15;770.0;12396;22.0;520
Sudeste;ES;2020-05-16;794.0;13190;22.0;542
Sudeste;ES;2020-05-17;298.0;13488;28.0;570
Sudeste;ES;2020-05-18;826.0;14314;34.0;604
Sudeste;ES;2020-05-19;1072.0;15386;46.0;650
Sudeste;ES;2020-05-20;798.0;16184;32.0;682
Sudeste;ES;2020-05-21;1572.0;17756;44.0;726
Sudeste;ES;2020-05-22;1284.0;19040;68.0;794
Sudeste;ES;2020-05-23;796.0;19836;40.0;834
Sudeste;ES;2020-05-24;178.0;20014;58.0;892
Sudeste;ES;2020-05-25;716.0;20730;38.0;930
Sudeste;ES;2020-05-26;1048.0;21778;44.0;974
Sudeste;RJ;2020-03-05;1.0;1;0.0;0
Sudeste;RJ;2020-03-06;0.0;1;0.0;0
Sudeste;RJ;2020-03-07;1.0;2;0.0;0
Sudeste;RJ;2020-03-08;1.0;3;0.0;0
Sudeste;RJ;2020-03-09;0.0;3;0.0;0
Sudeste;RJ;2020-03-10;5.0;8;0.0;0
Sudeste;RJ;2020-03-11;5.0;13;0.0;0
Sudeste;RJ;2020-03-12;3.0;16;0.0;0
Sudeste;RJ;2020-03-13;0.0;16;0.0;0
Sudeste;RJ;2020-03-14;6.0;22;0.0;0
Sudeste;RJ;2020-03-15;2.0;24;0.0;0
Sudeste;RJ;2020-03-16;7.0;31;0.0;0
Sudeste;RJ;2020-03-17;2.0;33;0.0;0
Sudeste;RJ;2020-03-18;12.0;45;0.0;0
Sudeste;RJ;2020-03-19;20.0;65;2.0;2
Sudeste;RJ;2020-03-20;44.0;109;0.0;2
Sudeste;RJ;2020-03-21;10.0;119;1.0;3
Sudeste;RJ;2020-03-22;67.0;186;0.0;3
Sudeste;RJ;2020-03-23;47.0;233;1.0;4
Sudeste;RJ;2020-03-24;72.0;305;2.0;6
Sudeste;RJ;2020-03-25;65.0;370;0.0;6
Sudeste;RJ;2020-03-26;51.0;421;3.0;9
Sudeste;RJ;2020-03-27;72.0;493;1.0;10
Sudeste;RJ;2020-03-28;623.0;1116;16.0;26
Sudeste;RJ;2020-03-29;84.0;1200;8.0;34
Sudeste;RJ;2020-03-30;114.0;1314;2.0;36
Sudeste;RJ;2020-03-31;102.0;1416;10.0;46
Sudeste;RJ;2020-04-01;248.0;1664;10.0;56
Sudeste;RJ;2020-04-02;320.0;1984;26.0;82
Sudeste;RJ;2020-04-03;164.0;2148;12.0;94
Sudeste;RJ;2020-04-04;344.0;2492;22.0;116
Sudeste;RJ;2020-04-05;296.0;2788;12.0;128
Sudeste;RJ;2020-04-06;133.0;2921;14.0;142
Sudeste;RJ;2020-04-07;455.0;3376;36.0;178
Sudeste;RJ;2020-04-08;500.0;3876;34.0;212
Sudeste;RJ;2020-04-09;556.0;4432;32.0;244
Sudeste;RJ;2020-04-10;496.0;4928;50.0;294
Sudeste;RJ;2020-04-11;286.0;5214;16.0;310
Sudeste;RJ;2020-04-12;496.0;5710;30.0;340
Sudeste;RJ;2020-04-13;742.0;6452;30.0;370
Sudeste;RJ;2020-04-14;368.0;6820;78.0;448
Sudeste;RJ;2020-04-15;666.0;7486;82.0;530
Sudeste;RJ;2020-04-16;402.0;7888;71.0;601
Sudeste;RJ;2020-04-17;810.0;8698;81.0;682
Sudeste;RJ;2020-04-18;388.0;9086;92.0;774
Sudeste;RJ;2020-04-19;354.0;9440;30.0;804
Sudeste;RJ;2020-04-20;358.0;9798;40.0;844
Sudeste;RJ;2020-04-21;814.0;10612;78.0;922
Sudeste;RJ;2020-04-22;492.0;11104;58.0;980
Sudeste;RJ;2020-04-23;1240.0;12344;80.0;1060
Sudeste;RJ;2020-04-24;220.0;12564;80.0;1140
Sudeste;RJ;2020-04-25;1092.0;13656;90.0;1230
Sudeste;RJ;2020-04-26;566.0;14222;60.0;1290
Sudeste;RJ;2020-04-27;1666.0;15888;64.0;1354
Sudeste;RJ;2020-04-28;1120.0;17008;122.0;1476
Sudeste;RJ;2020-04-29;730.0;17738;112.0;1588
Sudeste;RJ;2020-04-30;1168.0;18906;120.0;1708
Sudeste;RJ;2020-05-01;1426.0;20332;134.0;1842
Sudeste;RJ;2020-05-02;760.0;21092;99.0;1941
Sudeste;RJ;2020-05-03;1186.0;22278;97.0;2038
Sudeste;RJ;2020-05-04;1164.0;23442;92.0;2130
Sudeste;RJ;2020-05-05;1340.0;24782;116.0;2246
Sudeste;RJ;2020-05-06;1808.0;26590;164.0;2410
Sudeste;RJ;2020-05-07;1722.0;28312;378.0;2788
Sudeste;RJ;2020-05-08;3170.0;31482;218.0;3006
Sudeste;RJ;2020-05-09;2376.0;33858;300.0;3306
Sudeste;RJ;2020-05-10;266.0;34124;122.0;3428
Sudeste;RJ;2020-05-11;1754.0;35878;112.0;3540
Sudeste;RJ;2020-05-12;1094.0;36972;316.0;3856
Sudeste;RJ;2020-05-13;484.0;37456;244.0;4100
Sudeste;RJ;2020-05-14;1478.0;38934;394.0;4494
Sudeste;RJ;2020-05-15;1040.0;39974;382.0;4876
Sudeste;RJ;2020-05-16;3228.0;43202;352.0;5228
Sudeste;RJ;2020-05-17;1274.0;44476;202.0;5430
Sudeste;RJ;2020-05-18;8854.0;53330;274.0;5704
Sudeste;RJ;2020-05-19;2280.0;55610;454.0;6158
Sudeste;RJ;2020-05-20;5134.0;60744;316.0;6474
Sudeste;RJ;2020-05-21;3434.0;64178;350.0;6824
Sudeste;RJ;2020-05-22;3000.0;67178;490.0;7314
Sudeste;RJ;2020-05-23;1888.0;69066;496.0;7810
Sudeste;RJ;2020-05-24;6758.0;75824;176.0;7986
Sudeste;RJ;2020-05-25;2772.0;78596;224.0;8210
Sudeste;RJ;2020-05-26;1452.0;80048;512.0;8722
Sudeste;SP;2020-02-26;1.0;1;0.0;0
Sudeste;SP;2020-02-27;0.0;1;0.0;0
Sudeste;SP;2020-02-28;0.0;1;0.0;0
Sudeste;SP;2020-02-29;1.0;2;0.0;0
Sudeste;SP;2020-03-01;0.0;2;0.0;0
Sudeste;SP;2020-03-02;0.0;2;0.0;0
Sudeste;SP;2020-03-03;0.0;2;0.0;0
Sudeste;SP;2020-03-04;1.0;3;0.0;0
Sudeste;SP;2020-03-05;3.0;6;0.0;0
Sudeste;SP;2020-03-06;4.0;10;0.0;0
Sudeste;SP;2020-03-07;3.0;13;0.0;0
Sudeste;SP;2020-03-08;3.0;16;0.0;0
Sudeste;SP;2020-03-09;0.0;16;0.0;0
Sudeste;SP;2020-03-10;3.0;19;0.0;0
Sudeste;SP;2020-03-11;11.0;30;0.0;0
Sudeste;SP;2020-03-12;12.0;42;0.0;0
Sudeste;SP;2020-03-13;14.0;56;0.0;0
Sudeste;SP;2020-03-14;9.0;65;0.0;0
Sudeste;SP;2020-03-15;71.0;136;0.0;0
Sudeste;SP;2020-03-16;16.0;152;0.0;0
Sudeste;SP;2020-03-17;12.0;164;1.0;1
Sudeste;SP;2020-03-18;76.0;240;3.0;4
Sudeste;SP;2020-03-19;46.0;286;0.0;4
Sudeste;SP;2020-03-20;110.0;396;5.0;9
Sudeste;SP;2020-03-21;63.0;459;6.0;15
Sudeste;SP;2020-03-22;172.0;631;7.0;22
Sudeste;SP;2020-03-23;114.0;745;8.0;30
Sudeste;SP;2020-03-24;65.0;810;10.0;40
Sudeste;SP;2020-03-25;52.0;862;8.0;48
Sudeste;SP;2020-03-26;190.0;1052;10.0;58
Sudeste;SP;2020-03-27;171.0;1223;10.0;68
Sudeste;SP;2020-03-28;1589.0;2812;100.0;168
Sudeste;SP;2020-03-29;90.0;2902;28.0;196
Sudeste;SP;2020-03-30;132.0;3034;30.0;226
Sudeste;SP;2020-03-31;1644.0;4678;46.0;272
Sudeste;SP;2020-04-01;1284.0;5962;56.0;328
Sudeste;SP;2020-04-02;1050.0;7012;48.0;376
Sudeste;SP;2020-04-03;1084.0;8096;62.0;438
Sudeste;SP;2020-04-04;836.0;8932;82.0;520
Sudeste;SP;2020-04-05;308.0;9240;30.0;550
Sudeste;SP;2020-04-06;492.0;9732;58.0;608
Sudeste;SP;2020-04-07;1632.0;11364;134.0;742
Sudeste;SP;2020-04-08;2052.0;13416;114.0;856
Sudeste;SP;2020-04-09;1544.0;14960;136.0;992
Sudeste;SP;2020-04-10;1472.0;16432;88.0;1080
Sudeste;SP;2020-04-11;406.0;16838;40.0;1120
Sudeste;SP;2020-04-12;672.0;17510;56.0;1176
Sudeste;SP;2020-04-13;280.0;17790;40.0;1216
Sudeste;SP;2020-04-14;952.0;18742;174.0;1390
Sudeste;SP;2020-04-15;3344.0;22086;166.0;1556
Sudeste;SP;2020-04-16;1050.0;23136;150.0;1706
Sudeste;SP;2020-04-17;2546.0;25682;150.0;1856
Sudeste;SP;2020-04-18;2106.0;27788;126.0;1982
Sudeste;SP;2020-04-19;746.0;28534;48.0;2030
Sudeste;SP;2020-04-20;626.0;29160;44.0;2074
Sudeste;SP;2020-04-21;1610.0;30770;112.0;2186
Sudeste;SP;2020-04-22;1058.0;31828;82.0;2268
Sudeste;SP;2020-04-23;1652.0;33480;422.0;2690
Sudeste;SP;2020-04-24;2172.0;35652;334.0;3024
Sudeste;SP;2020-04-25;4356.0;40008;310.0;3334
Sudeste;SP;2020-04-26;1422.0;41430;66.0;3400
Sudeste;SP;2020-04-27;1962.0;43392;250.0;3650
Sudeste;SP;2020-04-28;4690.0;48082;448.0;4098
Sudeste;SP;2020-04-29;4234.0;52316;396.0;4494
Sudeste;SP;2020-04-30;5080.0;57396;256.0;4750
Sudeste;SP;2020-05-01;3352.0;60748;272.0;5022
Sudeste;SP;2020-05-02;1600.0;62348;150.0;5172
Sudeste;SP;2020-05-03;1196.0;63544;82.0;5254
Sudeste;SP;2020-05-04;830.0;64374;54.0;5308
Sudeste;SP;2020-05-05;3732.0;68106;394.0;5702
Sudeste;SP;2020-05-06;7600.0;75706;388.0;6090
Sudeste;SP;2020-05-07;4150.0;79856;322.0;6412
Sudeste;SP;2020-05-08;3804.0;83660;420.0;6832
Sudeste;SP;2020-05-09;5162.0;88822;384.0;7216
Sudeste;SP;2020-05-10;2066.0;90888;202.0;7418
Sudeste;SP;2020-05-11;1374.0;92262;68.0;7486
Sudeste;SP;2020-05-12;3176.0;95438;412.0;7898
Sudeste;SP;2020-05-13;6756.0;102194;338.0;8236
Sudeste;SP;2020-05-14;6378.0;108572;394.0;8630
Sudeste;SP;2020-05-15;8184.0;116756;372.0;9002
Sudeste;SP;2020-05-16;5610.0;122366;374.0;9376
Sudeste;SP;2020-05-17;2324.0;124690;188.0;9564
Sudeste;SP;2020-05-18;1442.0;126132;82.0;9646
Sudeste;SP;2020-05-19;5858.0;131990;648.0;10294
Sudeste;SP;2020-05-20;7728.0;139718;432.0;10726
Sudeste;SP;2020-05-21;7760.0;147478;390.0;11116
Sudeste;SP;2020-05-22;6264.0;153742;430.0;11546
Sudeste;SP;2020-05-23;7374.0;161116;544.0;12090
Sudeste;SP;2020-05-24;3206.0;164322;236.0;12326
Sudeste;SP;2020-05-25;2928.0;167250;114.0;12440
Sudeste;SP;2020-05-26;4784.0;172034;406.0;12846
Sul;PR;2020-03-12;6.0;6;0.0;0
Sul;PR;2020-03-13;0.0;6;0.0;0
Sul;PR;2020-03-14;0.0;6;0.0;0
Sul;PR;2020-03-15;0.0;6;0.0;0
Sul;PR;2020-03-16;0.0;6;0.0;0
Sul;PR;2020-03-17;0.0;6;0.0;0
Sul;PR;2020-03-18;7.0;13;0.0;0
Sul;PR;2020-03-19;10.0;23;0.0;0
Sul;PR;2020-03-20;9.0;32;0.0;0
Sul;PR;2020-03-21;11.0;43;0.0;0
Sul;PR;2020-03-22;7.0;50;0.0;0
Sul;PR;2020-03-23;6.0;56;0.0;0
Sul;PR;2020-03-24;9.0;65;0.0;0
Sul;PR;2020-03-25;16.0;81;0.0;0
Sul;PR;2020-03-26;21.0;102;0.0;0
Sul;PR;2020-03-27;17.0;119;2.0;2
Sul;PR;2020-03-28;147.0;266;2.0;4
Sul;PR;2020-03-29;30.0;296;0.0;4
Sul;PR;2020-03-30;14.0;310;2.0;6
Sul;PR;2020-03-31;48.0;358;0.0;6
Sul;PR;2020-04-01;90.0;448;0.0;6
Sul;PR;2020-04-02;56.0;504;2.0;8
Sul;PR;2020-04-03;98.0;602;0.0;8
Sul;PR;2020-04-04;188.0;790;4.0;12
Sul;PR;2020-04-05;86.0;876;6.0;18
Sul;PR;2020-04-06;40.0;916;4.0;22
Sul;PR;2020-04-07;90.0;1006;8.0;30
Sul;PR;2020-04-08;72.0;1078;4.0;34
Sul;PR;2020-04-09;140.0;1218;10.0;44
Sul;PR;2020-04-10;68.0;1286;6.0;50
Sul;PR;2020-04-11;66.0;1352;2.0;52
Sul;PR;2020-04-12;124.0;1476;8.0;60
Sul;PR;2020-04-13;36.0;1512;2.0;62
Sul;PR;2020-04-14;70.0;1582;10.0;72
Sul;PR;2020-04-15;24.0;1606;4.0;76
Sul;PR;2020-04-16;58.0;1664;6.0;82
Sul;PR;2020-04-17;84.0;1748;2.0;84
Sul;PR;2020-04-18;142.0;1890;8.0;92
Sul;PR;2020-04-19;84.0;1974;4.0;96
Sul;PR;2020-04-20;40.0;2014;6.0;102
Sul;PR;2020-04-21;34.0;2048;0.0;102
Sul;PR;2020-04-22;78.0;2126;12.0;114
Sul;PR;2020-04-23;38.0;2164;6.0;120
Sul;PR;2020-04-24;74.0;2238;8.0;128
Sul;PR;2020-04-25;42.0;2280;10.0;138
Sul;PR;2020-04-26;32.0;2312;6.0;144
Sul;PR;2020-04-27;60.0;2372;6.0;150
Sul;PR;2020-04-28;170.0;2542;4.0;154
Sul;PR;2020-04-29;154.0;2696;10.0;164
Sul;PR;2020-04-30;118.0;2814;2.0;166
Sul;PR;2020-05-01;80.0;2894;12.0;178
Sul;PR;2020-05-02;90.0;2984;2.0;180
Sul;PR;2020-05-03;44.0;3028;6.0;186
Sul;PR;2020-05-04;96.0;3124;2.0;188
Sul;PR;2020-05-05;52.0;3176;10.0;198
Sul;PR;2020-05-06;78.0;3254;4.0;202
Sul;PR;2020-05-07;58.0;3312;6.0;208
Sul;PR;2020-05-08;110.0;3422;4.0;212
Sul;PR;2020-05-09;148.0;3570;2.0;214
Sul;PR;2020-05-10;100.0;3670;4.0;218
Sul;PR;2020-05-11;28.0;3698;4.0;222
Sul;PR;2020-05-12;114.0;3812;4.0;226
Sul;PR;2020-05-13;180.0;3992;8.0;234
Sul;PR;2020-05-14;134.0;4126;4.0;238
Sul;PR;2020-05-15;152.0;4278;2.0;240
Sul;PR;2020-05-16;206.0;4484;6.0;246
Sul;PR;2020-05-17;88.0;4572;2.0;248
Sul;PR;2020-05-18;148.0;4720;6.0;254
Sul;PR;2020-05-19;242.0;4962;4.0;258
Sul;PR;2020-05-20;270.0;5232;16.0;274
Sul;PR;2020-05-21;388.0;5620;8.0;282
Sul;PR;2020-05-22;258.0;5878;10.0;292
Sul;PR;2020-05-23;320.0;6198;8.0;300
Sul;PR;2020-05-24;226.0;6424;6.0;306
Sul;PR;2020-05-25;238.0;6662;6.0;312
Sul;PR;2020-05-26;362.0;7024;6.0;318
Sul;SC;2020-03-13;2.0;2;0.0;0
Sul;SC;2020-03-14;2.0;4;0.0;0
Sul;SC;2020-03-15;2.0;6;0.0;0
Sul;SC;2020-03-16;1.0;7;0.0;0
Sul;SC;2020-03-17;0.0;7;0.0;0
Sul;SC;2020-03-18;3.0;10;0.0;0
Sul;SC;2020-03-19;10.0;20;0.0;0
Sul;SC;2020-03-20;1.0;21;0.0;0
Sul;SC;2020-03-21;30.0;51;0.0;0
Sul;SC;2020-03-22;6.0;57;0.0;0
Sul;SC;2020-03-23;11.0;68;0.0;0
Sul;SC;2020-03-24;39.0;107;0.0;0
Sul;SC;2020-03-25;2.0;109;0.0;0
Sul;SC;2020-03-26;13.0;122;1.0;1
Sul;SC;2020-03-27;27.0;149;0.0;1
Sul;SC;2020-03-28;219.0;368;1.0;2
Sul;SC;2020-03-29;20.0;388;0.0;2
Sul;SC;2020-03-30;6.0;394;0.0;2
Sul;SC;2020-03-31;56.0;450;2.0;4
Sul;SC;2020-04-01;20.0;470;0.0;4
Sul;SC;2020-04-02;24.0;494;0.0;4
Sul;SC;2020-04-03;68.0;562;6.0;10
Sul;SC;2020-04-04;106.0;668;0.0;10
Sul;SC;2020-04-05;46.0;714;10.0;20
Sul;SC;2020-04-06;44.0;758;0.0;20
Sul;SC;2020-04-07;76.0;834;2.0;22
Sul;SC;2020-04-08;80.0;914;8.0;30
Sul;SC;2020-04-09;88.0;1002;4.0;34
Sul;SC;2020-04-10;384.0;1386;2.0;36
Sul;SC;2020-04-11;78.0;1464;6.0;42
Sul;SC;2020-04-12;36.0;1500;6.0;48
Sul;SC;2020-04-13;103.0;1603;2.0;50
Sul;SC;2020-04-14;76.0;1679;4.0;54
Sul;SC;2020-04-15;27.0;1706;2.0;56
Sul;SC;2020-04-16;62.0;1768;2.0;58
Sul;SC;2020-04-17;84.0;1852;2.0;60
Sul;SC;2020-04-18;72.0;1924;2.0;62
Sul;SC;2020-04-19;26.0;1950;2.0;64
Sul;SC;2020-04-20;100.0;2050;6.0;70
Sul;SC;2020-04-21;76.0;2126;0.0;70
Sul;SC;2020-04-22;56.0;2182;4.0;74
Sul;SC;2020-04-23;48.0;2230;4.0;78
Sul;SC;2020-04-24;110.0;2340;6.0;84
Sul;SC;2020-04-25;78.0;2418;0.0;84
Sul;SC;2020-04-26;52.0;2470;0.0;84
Sul;SC;2020-04-27;204.0;2674;2.0;86
Sul;SC;2020-04-28;278.0;2952;2.0;88
Sul;SC;2020-04-29;1038.0;3990;0.0;88
Sul;SC;2020-04-30;180.0;4170;4.0;92
Sul;SC;2020-05-01;38.0;4208;4.0;96
Sul;SC;2020-05-02;484.0;4692;8.0;104
Sul;SC;2020-05-03;0.0;4692;0.0;104
Sul;SC;2020-05-04;346.0;5038;0.0;104
Sul;SC;2020-05-05;208.0;5246;6.0;110
Sul;SC;2020-05-06;588.0;5834;8.0;118
Sul;SC;2020-05-07;330.0;6164;8.0;126
Sul;SC;2020-05-08;246.0;6410;0.0;126
Sul;SC;2020-05-09;334.0;6744;2.0;128
Sul;SC;2020-05-10;114.0;6858;2.0;130
Sul;SC;2020-05-11;200.0;7058;8.0;138
Sul;SC;2020-05-12;408.0;7466;8.0;146
Sul;SC;2020-05-13;190.0;7656;0.0;146
Sul;SC;2020-05-14;1008.0;8664;10.0;156
Sul;SC;2020-05-15;460.0;9124;2.0;158
Sul;SC;2020-05-16;232.0;9356;4.0;162
Sul;SC;2020-05-17;196.0;9552;4.0;166
Sul;SC;2020-05-18;798.0;10350;4.0;170
Sul;SC;2020-05-19;476.0;10826;12.0;182
Sul;SC;2020-05-20;172.0;10998;6.0;188
Sul;SC;2020-05-21;222.0;11220;8.0;196
Sul;SC;2020-05-22;1696.0;12916;4.0;200
Sul;SC;2020-05-23;149.0;13065;3.0;203
Sul;SC;2020-05-24;327.0;13392;7.0;210
Sul;SC;2020-05-25;358.0;13750;8.0;218
Sul;SC;2020-05-26;282.0;14032;24.0;242
Sul;RS;2020-03-10;1.0;1;0.0;0
Sul;RS;2020-03-11;1.0;2;0.0;0
Sul;RS;2020-03-12;2.0;4;0.0;0
Sul;RS;2020-03-13;0.0;4;0.0;0
Sul;RS;2020-03-14;2.0;6;0.0;0
Sul;RS;2020-03-15;0.0;6;0.0;0
Sul;RS;2020-03-16;0.0;6;0.0;0
Sul;RS;2020-03-17;4.0;10;0.0;0
Sul;RS;2020-03-18;9.0;19;0.0;0
Sul;RS;2020-03-19;9.0;28;0.0;0
Sul;RS;2020-03-20;9.0;37;0.0;0
Sul;RS;2020-03-21;23.0;60;0.0;0
Sul;RS;2020-03-22;12.0;72;0.0;0
Sul;RS;2020-03-23;14.0;86;0.0;0
Sul;RS;2020-03-24;12.0;98;0.0;0
Sul;RS;2020-03-25;25.0;123;1.0;1
Sul;RS;2020-03-26;45.0;168;0.0;1
Sul;RS;2020-03-27;27.0;195;1.0;2
Sul;RS;2020-03-28;199.0;394;2.0;4
Sul;RS;2020-03-29;58.0;452;0.0;4
Sul;RS;2020-03-30;30.0;482;2.0;6
Sul;RS;2020-03-31;66.0;548;2.0;8
Sul;RS;2020-04-01;64.0;612;0.0;8
Sul;RS;2020-04-02;56.0;668;2.0;10
Sul;RS;2020-04-03;124.0;792;0.0;10
Sul;RS;2020-04-04;28.0;820;2.0;12
Sul;RS;2020-04-05;16.0;836;2.0;14
Sul;RS;2020-04-06;126.0;962;0.0;14
Sul;RS;2020-04-07;54.0;1016;2.0;16
Sul;RS;2020-04-08;94.0;1110;2.0;18
Sul;RS;2020-04-09;126.0;1236;6.0;24
Sul;RS;2020-04-10;36.0;1272;4.0;28
Sul;RS;2020-04-11;8.0;1280;2.0;30
Sul;RS;2020-04-12;26.0;1306;2.0;32
Sul;RS;2020-04-13;22.0;1328;0.0;32
Sul;RS;2020-04-14;72.0;1400;4.0;36
Sul;RS;2020-04-15;94.0;1494;2.0;38
Sul;RS;2020-04-16;66.0;1560;0.0;38
Sul;RS;2020-04-17;44.0;1604;6.0;44
Sul;RS;2020-04-18;58.0;1662;4.0;48
Sul;RS;2020-04-19;46.0;1708;0.0;48
Sul;RS;2020-04-20;70.0;1778;6.0;54
Sul;RS;2020-04-21;30.0;1808;0.0;54
Sul;RS;2020-04-22;38.0;1846;0.0;54
Sul;RS;2020-04-23;142.0;1988;4.0;58
Sul;RS;2020-04-24;134.0;2122;4.0;62
Sul;RS;2020-04-25;70.0;2192;6.0;68
Sul;RS;2020-04-26;140.0;2332;3.0;71
Sul;RS;2020-04-27;124.0;2456;13.0;84
Sul;RS;2020-04-28;116.0;2572;6.0;90
Sul;RS;2020-04-29;164.0;2736;10.0;100
Sul;RS;2020-04-30;196.0;2932;2.0;102
Sul;RS;2020-05-01;126.0;3058;14.0;116
Sul;RS;2020-05-02;180.0;3238;8.0;124
Sul;RS;2020-05-03;94.0;3332;6.0;130
Sul;RS;2020-05-04;90.0;3422;18.0;148
Sul;RS;2020-05-05;208.0;3630;10.0;158
Sul;RS;2020-05-06;470.0;4100;16.0;174
Sul;RS;2020-05-07;158.0;4258;6.0;180
Sul;RS;2020-05-08;636.0;4894;2.0;182
Sul;RS;2020-05-09;92.0;4986;8.0;190
Sul;RS;2020-05-10;98.0;5084;4.0;194
Sul;RS;2020-05-11;68.0;5152;16.0;210
Sul;RS;2020-05-12;682.0;5834;12.0;222
Sul;RS;2020-05-13;0.0;5834;0.0;222
Sul;RS;2020-05-14;160.0;5994;18.0;240
Sul;RS;2020-05-15;1200.0;7194;12.0;252
Sul;RS;2020-05-16;196.0;7390;12.0;264
Sul;RS;2020-05-17;80.0;7470;20.0;284
Sul;RS;2020-05-18;0.0;7470;4.0;288
Sul;RS;2020-05-19;30.0;7500;14.0;302
Sul;RS;2020-05-20;2446.0;9946;20.0;322
Sul;RS;2020-05-21;1000.0;10946;10.0;332
Sul;RS;2020-05-22;890.0;11836;12.0;344
Sul;RS;2020-05-23;836.0;12672;8.0;352
Sul;RS;2020-05-24;268.0;12940;8.0;360
Sul;RS;2020-05-25;178.0;13118;34.0;394
Sul;RS;2020-05-26;452.0;13570;12.0;406
Centro-Oeste;MS;2020-03-16;2.0;2;0.0;0
Centro-Oeste;MS;2020-03-17;2.0;4;0.0;0
Centro-Oeste;MS;2020-03-18;3.0;7;0.0;0
Centro-Oeste;MS;2020-03-19;0.0;7;0.0;0
Centro-Oeste;MS;2020-03-20;2.0;9;0.0;0
Centro-Oeste;MS;2020-03-21;7.0;16;0.0;0
Centro-Oeste;MS;2020-03-22;5.0;21;0.0;0
Centro-Oeste;MS;2020-03-23;0.0;21;0.0;0
Centro-Oeste;MS;2020-03-24;2.0;23;0.0;0
Centro-Oeste;MS;2020-03-25;1.0;24;0.0;0
Centro-Oeste;MS;2020-03-26;1.0;25;0.0;0
Centro-Oeste;MS;2020-03-27;3.0;28;0.0;0
Centro-Oeste;MS;2020-03-28;34.0;62;0.0;0
Centro-Oeste;MS;2020-03-29;10.0;72;0.0;0
Centro-Oeste;MS;2020-03-30;16.0;88;0.0;0
Centro-Oeste;MS;2020-03-31;8.0;96;2.0;2
Centro-Oeste;MS;2020-04-01;6.0;102;0.0;2
Centro-Oeste;MS;2020-04-02;4.0;106;0.0;2
Centro-Oeste;MS;2020-04-03;14.0;120;0.0;2
Centro-Oeste;MS;2020-04-04;4.0;124;0.0;2
Centro-Oeste;MS;2020-04-05;6.0;130;0.0;2
Centro-Oeste;MS;2020-04-06;2.0;132;0.0;2
Centro-Oeste;MS;2020-04-07;28.0;160;2.0;4
Centro-Oeste;MS;2020-04-08;10.0;170;0.0;4
Centro-Oeste;MS;2020-04-09;8.0;178;0.0;4
Centro-Oeste;MS;2020-04-10;16.0;194;0.0;4
Centro-Oeste;MS;2020-04-11;6.0;200;0.0;4
Centro-Oeste;MS;2020-04-12;2.0;202;0.0;4
Centro-Oeste;MS;2020-04-13;24.0;226;4.0;8
Centro-Oeste;MS;2020-04-14;4.0;230;0.0;8
Centro-Oeste;MS;2020-04-15;12.0;242;0.0;8
Centro-Oeste;MS;2020-04-16;20.0;262;2.0;10
Centro-Oeste;MS;2020-04-17;24.0;286;0.0;10
Centro-Oeste;MS;2020-04-18;36.0;322;0.0;10
Centro-Oeste;MS;2020-04-19;14.0;336;0.0;10
Centro-Oeste;MS;2020-04-20;6.0;342;0.0;10
Centro-Oeste;MS;2020-04-21;4.0;346;2.0;12
Centro-Oeste;MS;2020-04-22;4.0;350;0.0;12
Centro-Oeste;MS;2020-04-23;22.0;372;2.0;14
Centro-Oeste;MS;2020-04-24;54.0;426;0.0;14
Centro-Oeste;MS;2020-04-25;8.0;434;0.0;14
Centro-Oeste;MS;2020-04-26;34.0;468;0.0;14
Centro-Oeste;MS;2020-04-27;8.0;476;4.0;18
Centro-Oeste;MS;2020-04-28;4.0;480;0.0;18
Centro-Oeste;MS;2020-04-29;18.0;498;0.0;18
Centro-Oeste;MS;2020-04-30;12.0;510;0.0;18
Centro-Oeste;MS;2020-05-01;12.0;522;0.0;18
Centro-Oeste;MS;2020-05-02;10.0;532;0.0;18
Centro-Oeste;MS;2020-05-03;12.0;544;2.0;20
Centro-Oeste;MS;2020-05-04;4.0;548;0.0;20
Centro-Oeste;MS;2020-05-05;18.0;566;0.0;20
Centro-Oeste;MS;2020-05-06;10.0;576;0.0;20
Centro-Oeste;MS;2020-05-07;46.0;622;0.0;20
Centro-Oeste;MS;2020-05-08;30.0;652;2.0;22
Centro-Oeste;MS;2020-05-09;40.0;692;0.0;22
Centro-Oeste;MS;2020-05-10;32.0;724;0.0;22
Centro-Oeste;MS;2020-05-11;46.0;770;0.0;22
Centro-Oeste;MS;2020-05-12;40.0;810;2.0;24
Centro-Oeste;MS;2020-05-13;50.0;860;2.0;26
Centro-Oeste;MS;2020-05-14;44.0;904;2.0;28
Centro-Oeste;MS;2020-05-15;54.0;958;0.0;28
Centro-Oeste;MS;2020-05-16;58.0;1016;2.0;30
Centro-Oeste;MS;2020-05-17;124.0;1140;0.0;30
Centro-Oeste;MS;2020-05-18;86.0;1226;2.0;32
Centro-Oeste;MS;2020-05-19;58.0;1284;0.0;32
Centro-Oeste;MS;2020-05-20;102.0;1386;2.0;34
Centro-Oeste;MS;2020-05-21;106.0;1492;0.0;34
Centro-Oeste;MS;2020-05-22;118.0;1610;0.0;34
Centro-Oeste;MS;2020-05-23;106.0;1716;0.0;34
Centro-Oeste;MS;2020-05-24;132.0;1848;0.0;34
Centro-Oeste;MS;2020-05-25;198.0;2046;0.0;34
Centro-Oeste;MS;2020-05-26;154.0;2200;0.0;34
Centro-Oeste;MT;2020-03-20;1.0;1;0.0;0
Centro-Oeste;MT;2020-03-21;1.0;2;0.0;0
Centro-Oeste;MT;2020-03-22;0.0;2;0.0;0
Centro-Oeste;MT;2020-03-23;0.0;2;0.0;0
Centro-Oeste;MT;2020-03-24;5.0;7;0.0;0
Centro-Oeste;MT;2020-03-25;1.0;8;0.0;0
Centro-Oeste;MT;2020-03-26;3.0;11;0.0;0
Centro-Oeste;MT;2020-03-27;0.0;11;0.0;0
Centro-Oeste;MT;2020-03-28;15.0;26;0.0;0
Centro-Oeste;MT;2020-03-29;6.0;32;0.0;0
Centro-Oeste;MT;2020-03-30;4.0;36;0.0;0
Centro-Oeste;MT;2020-03-31;14.0;50;0.0;0
Centro-Oeste;MT;2020-04-01;4.0;54;0.0;0
Centro-Oeste;MT;2020-04-02;18.0;72;0.0;0
Centro-Oeste;MT;2020-04-03;16.0;88;2.0;2
Centro-Oeste;MT;2020-04-04;24.0;112;0.0;2
Centro-Oeste;MT;2020-04-05;8.0;120;0.0;2
Centro-Oeste;MT;2020-04-06;32.0;152;0.0;2
Centro-Oeste;MT;2020-04-07;4.0;156;0.0;2
Centro-Oeste;MT;2020-04-08;24.0;180;0.0;2
Centro-Oeste;MT;2020-04-09;36.0;216;2.0;4
Centro-Oeste;MT;2020-04-10;8.0;224;0.0;4
Centro-Oeste;MT;2020-04-11;18.0;242;2.0;6
Centro-Oeste;MT;2020-04-12;4.0;246;0.0;6
Centro-Oeste;MT;2020-04-13;22.0;268;2.0;8
Centro-Oeste;MT;2020-04-14;8.0;276;0.0;8
Centro-Oeste;MT;2020-04-15;26.0;302;0.0;8
Centro-Oeste;MT;2020-04-16;10.0;312;2.0;10
Centro-Oeste;MT;2020-04-17;12.0;324;0.0;10
Centro-Oeste;MT;2020-04-18;18.0;342;0.0;10
Centro-Oeste;MT;2020-04-19;6.0;348;0.0;10
Centro-Oeste;MT;2020-04-20;14.0;362;2.0;12
Centro-Oeste;MT;2020-04-21;0.0;362;0.0;12
Centro-Oeste;MT;2020-04-22;4.0;366;0.0;12
Centro-Oeste;MT;2020-04-23;76.0;442;2.0;14
Centro-Oeste;MT;2020-04-24;38.0;480;2.0;16
Centro-Oeste;MT;2020-04-25;14.0;494;2.0;18
Centro-Oeste;MT;2020-04-26;6.0;500;0.0;18
Centro-Oeste;MT;2020-04-27;14.0;514;2.0;20
Centro-Oeste;MT;2020-04-28;8.0;522;2.0;22
Centro-Oeste;MT;2020-04-29;62.0;584;0.0;22
Centro-Oeste;MT;2020-04-30;10.0;594;0.0;22
Centro-Oeste;MT;2020-05-01;46.0;640;0.0;22
Centro-Oeste;MT;2020-05-02;22.0;662;2.0;24
Centro-Oeste;MT;2020-05-03;12.0;674;0.0;24
Centro-Oeste;MT;2020-05-04;14.0;688;2.0;26
Centro-Oeste;MT;2020-05-05;42.0;730;0.0;26
Centro-Oeste;MT;2020-05-06;28.0;758;0.0;26
Centro-Oeste;MT;2020-05-07;76.0;834;0.0;26
Centro-Oeste;MT;2020-05-08;80.0;914;2.0;28
Centro-Oeste;MT;2020-05-09;90.0;1004;4.0;32
Centro-Oeste;MT;2020-05-10;34.0;1038;4.0;36
Centro-Oeste;MT;2020-05-11;44.0;1082;2.0;38
Centro-Oeste;MT;2020-05-12;100.0;1182;0.0;38
Centro-Oeste;MT;2020-05-13;140.0;1322;2.0;40
Centro-Oeste;MT;2020-05-14;116.0;1438;6.0;46
Centro-Oeste;MT;2020-05-15;120.0;1558;6.0;52
Centro-Oeste;MT;2020-05-16;144.0;1702;2.0;54
Centro-Oeste;MT;2020-05-17;100.0;1802;0.0;54
Centro-Oeste;MT;2020-05-18;72.0;1874;4.0;58
Centro-Oeste;MT;2020-05-19;116.0;1990;6.0;64
Centro-Oeste;MT;2020-05-20;118.0;2108;0.0;64
Centro-Oeste;MT;2020-05-21;236.0;2344;4.0;68
Centro-Oeste;MT;2020-05-22;96.0;2440;6.0;74
Centro-Oeste;MT;2020-05-23;264.0;2704;0.0;74
Centro-Oeste;MT;2020-05-24;220.0;2924;6.0;80
Centro-Oeste;MT;2020-05-25;76.0;3000;2.0;82
Centro-Oeste;MT;2020-05-26;256.0;3256;4.0;86
Centro-Oeste;GO;2020-03-13;3.0;3;0.0;0
Centro-Oeste;GO;2020-03-14;0.0;3;0.0;0
Centro-Oeste;GO;2020-03-15;0.0;3;0.0;0
Centro-Oeste;GO;2020-03-16;0.0;3;0.0;0
Centro-Oeste;GO;2020-03-17;3.0;6;0.0;0
Centro-Oeste;GO;2020-03-18;2.0;8;0.0;0
Centro-Oeste;GO;2020-03-19;4.0;12;0.0;0
Centro-Oeste;GO;2020-03-20;3.0;15;0.0;0
Centro-Oeste;GO;2020-03-21;5.0;20;0.0;0
Centro-Oeste;GO;2020-03-22;1.0;21;0.0;0
Centro-Oeste;GO;2020-03-23;2.0;23;0.0;0
Centro-Oeste;GO;2020-03-24;4.0;27;0.0;0
Centro-Oeste;GO;2020-03-25;2.0;29;0.0;0
Centro-Oeste;GO;2020-03-26;10.0;39;1.0;1
Centro-Oeste;GO;2020-03-27;10.0;49;0.0;1
Centro-Oeste;GO;2020-03-28;63.0;112;1.0;2
Centro-Oeste;GO;2020-03-29;4.0;116;0.0;2
Centro-Oeste;GO;2020-03-30;6.0;122;0.0;2
Centro-Oeste;GO;2020-03-31;8.0;130;0.0;2
Centro-Oeste;GO;2020-04-01;14.0;144;0.0;2
Centro-Oeste;GO;2020-04-02;2.0;146;0.0;2
Centro-Oeste;GO;2020-04-03;30.0;176;2.0;4
Centro-Oeste;GO;2020-04-04;30.0;206;0.0;4
Centro-Oeste;GO;2020-04-05;24.0;230;2.0;6
Centro-Oeste;GO;2020-04-06;8.0;238;4.0;10
Centro-Oeste;GO;2020-04-07;28.0;266;0.0;10
Centro-Oeste;GO;2020-04-08;51.0;317;4.0;14
Centro-Oeste;GO;2020-04-09;41.0;358;0.0;14
Centro-Oeste;GO;2020-04-10;24.0;382;2.0;16
Centro-Oeste;GO;2020-04-11;36.0;418;4.0;20
Centro-Oeste;GO;2020-04-12;40.0;458;8.0;28
Centro-Oeste;GO;2020-04-13;8.0;466;2.0;30
Centro-Oeste;GO;2020-04-14;102.0;568;0.0;30
Centro-Oeste;GO;2020-04-15;40.0;608;0.0;30
Centro-Oeste;GO;2020-04-16;28.0;636;2.0;32
Centro-Oeste;GO;2020-04-17;34.0;670;0.0;32
Centro-Oeste;GO;2020-04-18;86.0;756;4.0;36
Centro-Oeste;GO;2020-04-19;30.0;786;0.0;36
Centro-Oeste;GO;2020-04-20;20.0;806;2.0;38
Centro-Oeste;GO;2020-04-21;36.0;842;0.0;38
Centro-Oeste;GO;2020-04-22;34.0;876;4.0;42
Centro-Oeste;GO;2020-04-23;30.0;906;4.0;46
Centro-Oeste;GO;2020-04-24;66.0;972;2.0;48
Centro-Oeste;GO;2020-04-25;40.0;1012;2.0;50
Centro-Oeste;GO;2020-04-26;134.0;1146;0.0;50
Centro-Oeste;GO;2020-04-27;86.0;1232;2.0;52
Centro-Oeste;GO;2020-04-28;90.0;1322;2.0;54
Centro-Oeste;GO;2020-04-29;88.0;1410;0.0;54
Centro-Oeste;GO;2020-04-30;152.0;1562;4.0;58
Centro-Oeste;GO;2020-05-01;54.0;1616;0.0;58
Centro-Oeste;GO;2020-05-02;34.0;1650;2.0;60
Centro-Oeste;GO;2020-05-03;50.0;1700;0.0;60
Centro-Oeste;GO;2020-05-04;22.0;1722;0.0;60
Centro-Oeste;GO;2020-05-05;122.0;1844;16.0;76
Centro-Oeste;GO;2020-05-06;204.0;2048;13.0;89
Centro-Oeste;GO;2020-05-07;6.0;2054;1.0;88
Centro-Oeste;GO;2020-05-08;52.0;2106;8.0;96
Centro-Oeste;GO;2020-05-09;32.0;2138;2.0;94
Centro-Oeste;GO;2020-05-10;48.0;2186;0.0;94
Centro-Oeste;GO;2020-05-11;14.0;2200;4.0;98
Centro-Oeste;GO;2020-05-12;30.0;2230;6.0;104
Centro-Oeste;GO;2020-05-13;38.0;2268;18.0;122
Centro-Oeste;GO;2020-05-14;578.0;2846;6.0;128
Centro-Oeste;GO;2020-05-15;298.0;3144;6.0;134
Centro-Oeste;GO;2020-05-16;136.0;3280;4.0;138
Centro-Oeste;GO;2020-05-17;104.0;3384;2.0;140
Centro-Oeste;GO;2020-05-18;114.0;3498;6.0;146
Centro-Oeste;GO;2020-05-19;194.0;3692;0.0;146
Centro-Oeste;GO;2020-05-20;264.0;3956;10.0;156
Centro-Oeste;GO;2020-05-21;272.0;4228;14.0;170
Centro-Oeste;GO;2020-05-22;380.0;4608;16.0;186
Centro-Oeste;GO;2020-05-23;146.0;4754;4.0;190
Centro-Oeste;GO;2020-05-24;132.0;4886;0.0;190
Centro-Oeste;GO;2020-05-25;138.0;5024;2.0;192
Centro-Oeste;GO;2020-05-26;318.0;5342;16.0;208
Centro-Oeste;DF;2020-03-07;1.0;1;0.0;0
Centro-Oeste;DF;2020-03-08;0.0;1;0.0;0
Centro-Oeste;DF;2020-03-09;0.0;1;0.0;0
Centro-Oeste;DF;2020-03-10;0.0;1;0.0;0
Centro-Oeste;DF;2020-03-11;1.0;2;0.0;0
Centro-Oeste;DF;2020-03-12;0.0;2;0.0;0
Centro-Oeste;DF;2020-03-13;0.0;2;0.0;0
Centro-Oeste;DF;2020-03-14;4.0;6;0.0;0
Centro-Oeste;DF;2020-03-15;2.0;8;0.0;0
Centro-Oeste;DF;2020-03-16;5.0;13;0.0;0
Centro-Oeste;DF;2020-03-17;9.0;22;0.0;0
Centro-Oeste;DF;2020-03-18;4.0;26;0.0;0
Centro-Oeste;DF;2020-03-19;16.0;42;0.0;0
Centro-Oeste;DF;2020-03-20;45.0;87;0.0;0
Centro-Oeste;DF;2020-03-21;13.0;100;0.0;0
Centro-Oeste;DF;2020-03-22;17.0;117;0.0;0
Centro-Oeste;DF;2020-03-23;16.0;133;0.0;0
Centro-Oeste;DF;2020-03-24;27.0;160;0.0;0
Centro-Oeste;DF;2020-03-25;0.0;160;0.0;0
Centro-Oeste;DF;2020-03-26;40.0;200;0.0;0
Centro-Oeste;DF;2020-03-27;30.0;230;0.0;0
Centro-Oeste;DF;2020-03-28;290.0;520;0.0;0
Centro-Oeste;DF;2020-03-29;58.0;578;2.0;2
Centro-Oeste;DF;2020-03-30;46.0;624;0.0;2
Centro-Oeste;DF;2020-03-31;40.0;664;4.0;6
Centro-Oeste;DF;2020-04-01;46.0;710;0.0;6
Centro-Oeste;DF;2020-04-02;30.0;740;2.0;8
Centro-Oeste;DF;2020-04-03;64.0;804;2.0;10
Centro-Oeste;DF;2020-04-04;104.0;908;4.0;14
Centro-Oeste;DF;2020-04-05;28.0;936;0.0;14
Centro-Oeste;DF;2020-04-06;10.0;946;6.0;20
Centro-Oeste;DF;2020-04-07;38.0;984;4.0;24
Centro-Oeste;DF;2020-04-08;34.0;1018;0.0;24
Centro-Oeste;DF;2020-04-09;36.0;1054;2.0;26
Centro-Oeste;DF;2020-04-10;56.0;1110;2.0;28
Centro-Oeste;DF;2020-04-11;48.0;1158;0.0;28
Centro-Oeste;DF;2020-04-12;70.0;1228;0.0;28
Centro-Oeste;DF;2020-04-13;48.0;1276;2.0;30
Centro-Oeste;DF;2020-04-14;26.0;1302;4.0;34
Centro-Oeste;DF;2020-04-15;62.0;1364;0.0;34
Centro-Oeste;DF;2020-04-16;68.0;1432;6.0;40
Centro-Oeste;DF;2020-04-17;60.0;1492;0.0;40
Centro-Oeste;DF;2020-04-18;32.0;1524;8.0;48
Centro-Oeste;DF;2020-04-19;130.0;1654;0.0;48
Centro-Oeste;DF;2020-04-20;90.0;1744;0.0;48
Centro-Oeste;DF;2020-04-21;18.0;1762;0.0;48
Centro-Oeste;DF;2020-04-22;130.0;1892;2.0;50
Centro-Oeste;DF;2020-04-23;34.0;1926;0.0;50
Centro-Oeste;DF;2020-04-24;52.0;1978;2.0;52
Centro-Oeste;DF;2020-04-25;48.0;2026;0.0;52
Centro-Oeste;DF;2020-04-26;106.0;2132;2.0;54
Centro-Oeste;DF;2020-04-27;160.0;2292;0.0;54
Centro-Oeste;DF;2020-04-28;134.0;2426;2.0;56
Centro-Oeste;DF;2020-04-29;124.0;2550;0.0;56
Centro-Oeste;DF;2020-04-30;162.0;2712;4.0;60
Centro-Oeste;DF;2020-05-01;220.0;2932;0.0;60
Centro-Oeste;DF;2020-05-02;200.0;3132;2.0;62
Centro-Oeste;DF;2020-05-03;166.0;3298;4.0;66
Centro-Oeste;DF;2020-05-04;238.0;3536;0.0;66
Centro-Oeste;DF;2020-05-05;100.0;3636;0.0;66
Centro-Oeste;DF;2020-05-06;176.0;3812;2.0;68
Centro-Oeste;DF;2020-05-07;704.0;4516;2.0;70
Centro-Oeste;DF;2020-05-08;368.0;4884;4.0;74
Centro-Oeste;DF;2020-05-09;268.0;5152;4.0;78
Centro-Oeste;DF;2020-05-10;212.0;5364;6.0;84
Centro-Oeste;DF;2020-05-11;202.0;5566;4.0;88
Centro-Oeste;DF;2020-05-12;392.0;5958;4.0;92
Centro-Oeste;DF;2020-05-13;426.0;6384;4.0;96
Centro-Oeste;DF;2020-05-14;448.0;6832;6.0;102
Centro-Oeste;DF;2020-05-15;742.0;7574;8.0;110
Centro-Oeste;DF;2020-05-16;706.0;8280;2.0;112
Centro-Oeste;DF;2020-05-17;456.0;8736;6.0;118
Centro-Oeste;DF;2020-05-18;502.0;9238;14.0;132
Centro-Oeste;DF;2020-05-19;468.0;9706;12.0;144
Centro-Oeste;DF;2020-05-20;616.0;10322;10.0;154
Centro-Oeste;DF;2020-05-21;762.0;11084;14.0;168
Centro-Oeste;DF;2020-05-22;812.0;11896;12.0;180
Centro-Oeste;DF;2020-05-23;606.0;12502;10.0;190
Centro-Oeste;DF;2020-05-24;774.0;13276;18.0;208
Centro-Oeste;DF;2020-05-25;584.0;13860;20.0;228
Centro-Oeste;DF;2020-05-26;560.0;14420;20.0;248
